Date,VIX
2010-01-04,
2010-01-05,
2010-01-06,
2010-01-07,
2010-01-08,
2010-01-11,
2010-01-12,
2010-01-13,
2010-01-14,
2010-01-15,
2010-01-19,
2010-01-20,
2010-01-21,
2010-01-22,
2010-01-25,
2010-01-26,
2010-01-27,
2010-01-28,
2010-01-29,
2010-02-01,
2010-02-02,
2010-02-03,
2010-02-04,
2010-02-05,
2010-02-08,
2010-02-09,
2010-02-10,
2010-02-11,
2010-02-12,
2010-02-16,
2010-02-17,
2010-02-18,
2010-02-19,
2010-02-22,
2010-02-23,
2010-02-24,
2010-02-25,
2010-02-26,
2010-03-01,
2010-03-02,
2010-03-03,
2010-03-04,
2010-03-05,
2010-03-08,
2010-03-09,
2010-03-10,
2010-03-11,
2010-03-12,
2010-03-15,
2010-03-16,
2010-03-17,
2010-03-18,
2010-03-19,
2010-03-22,
2010-03-23,
2010-03-24,
2010-03-25,
2010-03-26,
2010-03-29,
2010-03-30,
2010-03-31,
2010-04-01,
2010-04-05,
2010-04-06,
2010-04-07,
2010-04-08,
2010-04-09,
2010-04-12,
2010-04-13,
2010-04-14,
2010-04-15,
2010-04-16,
2010-04-19,
2010-04-20,
2010-04-21,
2010-04-22,
2010-04-23,
2010-04-26,
2010-04-27,
2010-04-28,
2010-04-29,
2010-04-30,
2010-05-03,
2010-05-04,
2010-05-05,
2010-05-06,
2010-05-07,
2010-05-10,
2010-05-11,
2010-05-12,
2010-05-13,
2010-05-14,
2010-05-17,
2010-05-18,
2010-05-19,
2010-05-20,
2010-05-21,
2010-05-24,
2010-05-25,
2010-05-26,
2010-05-27,
2010-05-28,
2010-06-01,
2010-06-02,
2010-06-03,
2010-06-04,
2010-06-07,
2010-06-08,
2010-06-09,
2010-06-10,
2010-06-11,
2010-06-14,
2010-06-15,
2010-06-16,
2010-06-17,
2010-06-18,
2010-06-21,
2010-06-22,
2010-06-23,
2010-06-24,
2010-06-25,
2010-06-28,
2010-06-29,
2010-06-30,
2010-07-01,
2010-07-02,
2010-07-06,
2010-07-07,
2010-07-08,
2010-07-09,
2010-07-12,
2010-07-13,
2010-07-14,
2010-07-15,
2010-07-16,
2010-07-19,
2010-07-20,
2010-07-21,
2010-07-22,
2010-07-23,
2010-07-26,
2010-07-27,
2010-07-28,
2010-07-29,
2010-07-30,
2010-08-02,
2010-08-03,
2010-08-04,
2010-08-05,
2010-08-06,
2010-08-09,
2010-08-10,
2010-08-11,
2010-08-12,
2010-08-13,
2010-08-16,
2010-08-17,
2010-08-18,
2010-08-19,
2010-08-20,
2010-08-23,
2010-08-24,
2010-08-25,
2010-08-26,
2010-08-27,
2010-08-30,
2010-08-31,
2010-09-01,
2010-09-02,
2010-09-03,
2010-09-07,
2010-09-08,
2010-09-09,
2010-09-10,
2010-09-13,
2010-09-14,
2010-09-15,
2010-09-16,
2010-09-17,
2010-09-20,
2010-09-21,
2010-09-22,
2010-09-23,
2010-09-24,
2010-09-27,
2010-09-28,
2010-09-29,
2010-09-30,
2010-10-01,
2010-10-04,
2010-10-05,
2010-10-06,
2010-10-07,
2010-10-08,
2010-10-11,
2010-10-12,
2010-10-13,
2010-10-14,
2010-10-15,
2010-10-18,
2010-10-19,
2010-10-20,
2010-10-21,
2010-10-22,
2010-10-25,
2010-10-26,
2010-10-27,
2010-10-28,
2010-10-29,
2010-11-01,
2010-11-02,
2010-11-03,
2010-11-04,
2010-11-05,
2010-11-08,
2010-11-09,
2010-11-10,
2010-11-11,
2010-11-12,
2010-11-15,
2010-11-16,
2010-11-17,
2010-11-18,
2010-11-19,
2010-11-22,
2010-11-23,
2010-11-24,
2010-11-26,
2010-11-29,
2010-11-30,
2010-12-01,
2010-12-02,
2010-12-03,
2010-12-06,
2010-12-07,
2010-12-08,
2010-12-09,
2010-12-10,
2010-12-13,
2010-12-14,
2010-12-15,
2010-12-16,
2010-12-17,
2010-12-20,
2010-12-21,
2010-12-22,
2010-12-23,
2010-12-27,
2010-12-28,
2010-12-29,
2010-12-30,
2010-12-31,0.3
2011-01-03,0.3
2011-01-04,0.3
2011-01-05,0.3
2011-01-06,0.3
2011-01-07,0.3
2011-01-10,0.3
2011-01-11,0.3
2011-01-12,0.3
2011-01-13,0.3
2011-01-14,0.3
2011-01-18,0.3
2011-01-19,0.3
2011-01-20,0.3
2011-01-21,0.3
2011-01-24,0.3
2011-01-25,0.3
2011-01-26,0.3
2011-01-27,0.3
2011-01-28,0.3607293963835948
2011-01-31,0.32998956676203467
2011-02-01,0.3
2011-02-02,0.3
2011-02-03,0.3
2011-02-04,0.3
2011-02-07,0.3
2011-02-08,0.3
2011-02-09,0.3
2011-02-10,0.3
2011-02-11,0.3
2011-02-14,0.3
2011-02-15,0.3
2011-02-16,0.3
2011-02-17,0.3
2011-02-18,0.3
2011-02-22,0.4337289982753624
2011-02-23,0.5135957594766782
2011-02-24,0.4643775772134995
2011-02-25,0.3376084959878226
2011-02-28,0.3
2011-03-01,0.44546892116852976
2011-03-02,0.4262559094861935
2011-03-03,0.3
2011-03-04,0.3266444080071031
2011-03-07,0.4226494032815239
2011-03-08,0.37123660340656145
2011-03-09,0.3950180673906774
2011-03-10,0.49473090257035524
2011-03-11,0.38477530695806395
2011-03-14,0.44775442007099364
2011-03-15,0.640260044510104
2011-03-16,0.9456038190258655
2011-03-17,0.7593761741456457
2011-03-18,0.6404325497402115
2011-03-21,0.4061914647548275
2011-03-22,0.3806246704199572
2011-03-23,0.3165286288985633
2011-03-24,0.3
2011-03-25,0.3
2011-03-28,0.33252543850706284
2011-03-29,0.3
2011-03-30,0.3
2011-03-31,0.3
2011-04-01,0.3
2011-04-04,0.3
2011-04-05,0.3
2011-04-06,0.3
2011-04-07,0.3
2011-04-08,0.3
2011-04-11,0.3
2011-04-12,0.3
2011-04-13,0.3
2011-04-14,0.3
2011-04-15,0.3
2011-04-18,0.3
2011-04-19,0.3
2011-04-20,0.3
2011-04-21,0.3
2011-04-25,0.3
2011-04-26,0.3
2011-04-27,0.3
2011-04-28,0.3
2011-04-29,0.3
2011-05-02,0.3
2011-05-03,0.3
2011-05-04,0.3
2011-05-05,0.3
2011-05-06,0.3
2011-05-09,0.3
2011-05-10,0.3
2011-05-11,0.3
2011-05-12,0.3
2011-05-13,0.3
2011-05-16,0.3
2011-05-17,0.3
2011-05-18,0.3
2011-05-19,0.3
2011-05-20,0.3
2011-05-23,0.3
2011-05-24,0.3
2011-05-25,0.3
2011-05-26,0.3
2011-05-27,0.3
2011-05-31,0.3
2011-06-01,0.3118932660592719
2011-06-02,0.3
2011-06-03,0.3
2011-06-06,0.33096376032414065
2011-06-07,0.3
2011-06-08,0.35923484356041513
2011-06-09,0.3
2011-06-10,0.3699641694879715
2011-06-13,0.4367200538661329
2011-06-14,0.32198484490023305
2011-06-15,0.5894317821233618
2011-06-16,0.7135625431698951
2011-06-17,0.6376549002279668
2011-06-20,0.4766215589227954
2011-06-21,0.3796213012090331
2011-06-22,0.35168010515915143
2011-06-23,0.42271963725890316
2011-06-24,0.5890576423135255
2011-06-27,0.5435497516735229
2011-06-28,0.4187484904845265
2011-06-29,0.3
2011-06-30,0.3
2011-07-01,0.3
2011-07-05,0.3
2011-07-06,0.3
2011-07-07,0.3
2011-07-08,0.3
2011-07-11,0.3670043034419195
2011-07-12,0.526211316812737
2011-07-13,0.5327722521271993
2011-07-14,0.630894740797427
2011-07-15,0.49666222409613725
2011-07-18,0.6548490038758181
2011-07-19,0.46557614433661837
2011-07-20,0.45483323760321237
2011-07-21,0.3
2011-07-22,0.3
2011-07-25,0.490905157388933
2011-07-26,0.5914211744031008
2011-07-27,0.9030318348663569
2011-07-28,0.9895011388711913
2011-07-29,1.1569107252797135
2011-08-01,0.9758123704814641
2011-08-02,1.0993358768469517
2011-08-03,0.9402422175306349
2011-08-04,1.5
2011-08-05,1.5
2011-08-08,1.5
2011-08-09,1.5
2011-08-10,1.5
2011-08-11,1.5
2011-08-12,1.5
2011-08-15,1.4213284587424804
2011-08-16,1.478682630589314
2011-08-17,1.3705602226090328
2011-08-18,1.5
2011-08-19,1.5
2011-08-22,1.5
2011-08-23,1.5
2011-08-24,1.5
2011-08-25,1.5
2011-08-26,1.4391837634351825
2011-08-29,1.2301441884344206
2011-08-30,1.2593688582005265
2011-08-31,1.1756725397394632
2011-09-01,1.1802385412142773
2011-09-02,1.2932039440103558
2011-09-06,1.4559915323840773
2011-09-07,1.2369760604931876
2011-09-08,1.279862020665014
2011-09-09,1.4964110024371056
2011-09-12,1.47913910867854
2011-09-13,1.3716223476987917
2011-09-14,1.2368785304658076
2011-09-15,1.0902588252384526
2011-09-16,1.033011157320288
2011-09-19,1.1189379598723028
2011-09-20,1.1193173306470166
2011-09-21,1.3382706673815834
2011-09-22,1.5
2011-09-23,1.4956876842904459
2011-09-26,1.369695795670189
2011-09-27,1.293512148310389
2011-09-28,1.4381917272651898
2011-09-29,1.3186987289828642
2011-09-30,1.4909300690118843
2011-10-03,1.5
2011-10-04,1.3543850809656868
2011-10-05,1.2104643776132695
2011-10-06,1.1350425546339276
2011-10-07,1.124853446984294
2011-10-10,0.9817570921361451
2011-10-11,0.9706562931188871
2011-10-12,0.8982379227400521
2011-10-13,0.8713250003750588
2011-10-14,0.763479764487897
2011-10-17,0.9809190521139015
2011-10-18,0.8994466184517116
2011-10-19,1.017727612357971
2011-10-20,1.0270830268685622
2011-10-21,0.8775494638287069
2011-10-24,0.7884993396090587
2011-10-25,0.9102931627426661
2011-10-26,0.8088966508760148
2011-10-27,0.6231497459222451
2011-10-28,0.5835022718630769
2011-10-31,0.8098129646858423
2011-11-01,1.0070648172311119
2011-11-02,0.9189022824616151
2011-11-03,0.8232136571910156
2011-11-04,0.8067811663395088
2011-11-07,0.7917329428253571
2011-11-08,0.6919456157625247
2011-11-09,1.0465525626865655
2011-11-10,0.9049262579529798
2011-11-11,0.7888904791133325
2011-11-14,0.8313717403382572
2011-11-15,0.8329955516163917
2011-11-16,0.9235916464573983
2011-11-17,0.9603939104617826
2011-11-18,0.8553949707589155
2011-11-21,0.8892641345682968
2011-11-22,0.8486015547390376
2011-11-23,0.9264704389667838
2011-11-25,0.9427444402351883
2011-11-28,0.8461689556099743
2011-11-29,0.7847796998421938
2011-11-30,0.6697972070980981
2011-12-01,0.652899923263801
2011-12-02,0.6558696459949642
2011-12-05,0.6672103027605734
2011-12-06,0.6772979908280664
2011-12-07,0.6972992266129292
2011-12-08,0.7722416157349166
2011-12-09,0.6019060262371598
2011-12-12,0.5721542699441158
2011-12-13,0.5605144502786613
2011-12-14,0.5846695772559815
2011-12-15,0.5460019425640323
2011-12-16,0.5116180483775215
2011-12-19,0.5357851982046072
2011-12-20,0.4657956426368984
2011-12-21,0.39200123343208004
2011-12-22,0.38009338642216917
2011-12-23,0.361970973696901
2011-12-27,0.40923575051686134
2011-12-28,0.4738646213660881
2011-12-29,0.43741566816761634
2011-12-30,0.46713375131537854
2012-01-03,0.4485888486304446
2012-01-04,0.4169418506041076
2012-01-05,0.38567971869156853
2012-01-06,0.35005396379235654
2012-01-09,0.36735579266836893
2012-01-10,0.351034997132419
2012-01-11,0.3650194209617682
2012-01-12,0.34012407249239507
2012-01-13,0.3573575319791922
2012-01-17,0.40948725779554834
2012-01-18,0.35398772835470504
2012-01-19,0.31095422454120436
2012-01-20,0.3
2012-01-23,0.3
2012-01-24,0.3
2012-01-25,0.3
2012-01-26,0.3
2012-01-27,0.3
2012-01-30,0.3
2012-01-31,0.3
2012-02-01,0.3
2012-02-02,0.3
2012-02-03,0.3
2012-02-06,0.3
2012-02-07,0.3
2012-02-08,0.3
2012-02-09,0.3
2012-02-10,0.3443685601076937
2012-02-13,0.3
2012-02-14,0.3
2012-02-15,0.356433992159213
2012-02-16,0.3
2012-02-17,0.3
2012-02-21,0.3
2012-02-22,0.3
2012-02-23,0.3
2012-02-24,0.3
2012-02-27,0.3
2012-02-28,0.3
2012-02-29,0.3
2012-03-01,0.3
2012-03-02,0.3
2012-03-05,0.3
2012-03-06,0.34846346749822976
2012-03-07,0.3
2012-03-08,0.3
2012-03-09,0.3
2012-03-12,0.3
2012-03-13,0.3
2012-03-14,0.3
2012-03-15,0.3
2012-03-16,0.3
2012-03-19,0.3
2012-03-20,0.3
2012-03-21,0.3
2012-03-22,0.3
2012-03-23,0.3
2012-03-26,0.3
2012-03-27,0.3
2012-03-28,0.3
2012-03-29,0.3
2012-03-30,0.3
2012-04-02,0.3
2012-04-03,0.3
2012-04-04,0.3
2012-04-05,0.3
2012-04-09,0.3
2012-04-10,0.3488035284026738
2012-04-11,0.332971741318989
2012-04-12,0.3
2012-04-13,0.3131695958131293
2012-04-16,0.31240891496712864
2012-04-17,0.3
2012-04-18,0.3
2012-04-19,0.3
2012-04-20,0.3
2012-04-23,0.3
2012-04-24,0.3
2012-04-25,0.3
2012-04-26,0.3
2012-04-27,0.3
2012-04-30,0.3
2012-05-01,0.3
2012-05-02,0.3
2012-05-03,0.3
2012-05-04,0.3
2012-05-07,0.3
2012-05-08,0.3
2012-05-09,0.326631259406374
2012-05-10,0.3
2012-05-11,0.3174003209567805
2012-05-14,0.39873368861732944
2012-05-15,0.40218342907845256
2012-05-16,0.41378668813112573
2012-05-17,0.50501490913113
2012-05-18,0.5289897405523304
2012-05-21,0.3986397163315645
2012-05-22,0.41756661485654695
2012-05-23,0.4104037615291256
2012-05-24,0.3762585570289089
2012-05-25,0.3843429851279735
2012-05-29,0.352409248947103
2012-05-30,0.4823850874459216
2012-05-31,0.4779974304387179
2012-06-01,0.5870106661128746
2012-06-04,0.5627722168652473
2012-06-05,0.5004514287940053
2012-06-06,0.3922632018333374
2012-06-07,0.37289013647505076
2012-06-08,0.35120891903218265
2012-06-11,0.4499507951758611
2012-06-12,0.38655643337290324
2012-06-13,0.4788476983587932
2012-06-14,0.36772650005511953
2012-06-15,0.343608222479739
2012-06-18,0.3
2012-06-19,0.3
2012-06-20,0.3
2012-06-21,0.3007044059136404
2012-06-22,0.3
2012-06-25,0.3139855349021131
2012-06-26,0.3
2012-06-27,0.3
2012-06-28,0.3
2012-06-29,0.3
2012-07-02,0.3
2012-07-03,0.3
2012-07-05,0.3
2012-07-06,0.3
2012-07-09,0.3
2012-07-10,0.3
2012-07-11,0.3
2012-07-12,0.3
2012-07-13,0.3
2012-07-16,0.3
2012-07-17,0.3
2012-07-18,0.3
2012-07-19,0.3
2012-07-20,0.3
2012-07-23,0.3
2012-07-24,0.32057096992517103
2012-07-25,0.3
2012-07-26,0.3
2012-07-27,0.3
2012-07-30,0.3
2012-07-31,0.3
2012-08-01,0.3
2012-08-02,0.3
2012-08-03,0.3
2012-08-06,0.3
2012-08-07,0.3
2012-08-08,0.3
2012-08-09,0.3
2012-08-10,0.3
2012-08-13,0.3
2012-08-14,0.3
2012-08-15,0.3
2012-08-16,0.3
2012-08-17,0.3
2012-08-20,0.3
2012-08-21,0.3
2012-08-22,0.3
2012-08-23,0.3
2012-08-24,0.3
2012-08-27,0.3
2012-08-28,0.3
2012-08-29,0.3
2012-08-30,0.3
2012-08-31,0.3
2012-09-04,0.3
2012-09-05,0.3
2012-09-06,0.3
2012-09-07,0.3
2012-09-10,0.3
2012-09-11,0.3
2012-09-12,0.3
2012-09-13,0.3
2012-09-14,0.3
2012-09-17,0.3
2012-09-18,0.3
2012-09-19,0.3
2012-09-20,0.3
2012-09-21,0.3
2012-09-24,0.3
2012-09-25,0.3
2012-09-26,0.3
2012-09-27,0.3
2012-09-28,0.3
2012-10-01,0.3
2012-10-02,0.3
2012-10-03,0.3
2012-10-04,0.3
2012-10-05,0.3
2012-10-08,0.3
2012-10-09,0.3
2012-10-10,0.3
2012-10-11,0.3
2012-10-12,0.3
2012-10-15,0.3
2012-10-16,0.3
2012-10-17,0.3
2012-10-18,0.3
2012-10-19,0.3095884234335897
2012-10-22,0.3
2012-10-23,0.4289649206601963
2012-10-24,0.39869088571021194
2012-10-25,0.38700707161093445
2012-10-26,0.3680597424835849
2012-10-31,0.4223093423278985
2012-11-01,0.3
2012-11-02,0.35911094592315157
2012-11-05,0.4188934892143138
2012-11-06,0.3624710218325801
2012-11-07,0.47099641858891206
2012-11-08,0.43152831114509677
2012-11-09,0.44234352767344487
2012-11-12,0.3031869458858577
2012-11-13,0.30225745170205665
2012-11-14,0.40073045994740053
2012-11-15,0.4087134364236977
2012-11-16,0.3
2012-11-19,0.3
2012-11-20,0.3
2012-11-21,0.3
2012-11-23,0.3
2012-11-26,0.3
2012-11-27,0.3
2012-11-28,0.3
2012-11-29,0.3
2012-11-30,0.3
2012-12-03,0.3173319883121934
2012-12-04,0.36831905533880016
2012-12-05,0.3017159939533103
2012-12-06,0.31577403565178663
2012-12-07,0.3
2012-12-10,0.3
2012-12-11,0.3
2012-12-12,0.3
2012-12-13,0.3210937464069694
2012-12-14,0.3754300066206423
2012-12-17,0.3
2012-12-18,0.3
2012-12-19,0.42829213985597864
2012-12-20,0.47012954481035496
2012-12-21,0.49427830133047973
2012-12-24,0.4960800416390077
2012-12-26,0.7072860239162622
2012-12-27,0.7069893610194204
2012-12-28,1.1228159194294056
2012-12-31,0.5232529555802798
2013-01-02,0.3
2013-01-03,0.3
2013-01-04,0.3
2013-01-07,0.3
2013-01-08,0.3
2013-01-09,0.3
2013-01-10,0.3
2013-01-11,0.3
2013-01-14,0.3
2013-01-15,0.3
2013-01-16,0.3
2013-01-17,0.3
2013-01-18,0.3
2013-01-22,0.3
2013-01-23,0.3
2013-01-24,0.3
2013-01-25,0.3
2013-01-28,0.3
2013-01-29,0.3
2013-01-30,0.3
2013-01-31,0.3
2013-02-01,0.3
2013-02-04,0.3
2013-02-05,0.3
2013-02-06,0.3
2013-02-07,0.3
2013-02-08,0.3
2013-02-11,0.3
2013-02-12,0.3
2013-02-13,0.3
2013-02-14,0.3
2013-02-15,0.3
2013-02-19,0.3
2013-02-20,0.3
2013-02-21,0.3
2013-02-22,0.3
2013-02-25,0.7458538660941461
2013-02-26,0.49135498052564497
2013-02-27,0.3
2013-02-28,0.33084207289391265
2013-03-01,0.314161649361564
2013-03-04,0.3
2013-03-05,0.3
2013-03-06,0.3
2013-03-07,0.3
2013-03-08,0.3
2013-03-11,0.3
2013-03-12,0.3
2013-03-13,0.3
2013-03-14,0.3
2013-03-15,0.3
2013-03-18,0.3
2013-03-19,0.3
2013-03-20,0.3
2013-03-21,0.3
2013-03-22,0.3
2013-03-25,0.3
2013-03-26,0.3
2013-03-27,0.3
2013-03-28,0.3
2013-04-01,0.3
2013-04-02,0.3
2013-04-03,0.3
2013-04-04,0.3
2013-04-05,0.3
2013-04-08,0.3
2013-04-09,0.3
2013-04-10,0.3
2013-04-11,0.3
2013-04-12,0.3
2013-04-15,0.5856520840728807
2013-04-16,0.3
2013-04-17,0.5041523235488974
2013-04-18,0.6217627777854229
2013-04-19,0.3353151370499683
2013-04-22,0.3
2013-04-23,0.3
2013-04-24,0.3
2013-04-25,0.3
2013-04-26,0.3
2013-04-29,0.3
2013-04-30,0.3
2013-05-01,0.3
2013-05-02,0.3
2013-05-03,0.3
2013-05-06,0.3
2013-05-07,0.3
2013-05-08,0.3
2013-05-09,0.3
2013-05-10,0.3
2013-05-13,0.3
2013-05-14,0.3
2013-05-15,0.3
2013-05-16,0.3
2013-05-17,0.3
2013-05-20,0.3
2013-05-21,0.3
2013-05-22,0.3
2013-05-23,0.3
2013-05-24,0.3
2013-05-28,0.3426624477776624
2013-05-29,0.38616234492031054
2013-05-30,0.3526255612776864
2013-05-31,0.567612208469091
2013-06-03,0.5702719900703516
2013-06-04,0.5742641012398675
2013-06-05,0.7412951337069241
2013-06-06,0.6378419112762514
2013-06-07,0.44113798248867603
2013-06-10,0.4860404220439967
2013-06-11,0.7199695966314124
2013-06-12,0.9410400784106285
2013-06-13,0.6361268655702322
2013-06-14,0.751594751793807
2013-06-17,0.7102975040194096
2013-06-18,0.6871851097825559
2013-06-19,0.6973524061892958
2013-06-20,1.3001088009348454
2013-06-21,1.0488444940244888
2013-06-24,1.231083088356839
2013-06-25,0.9791835418961292
2013-06-26,0.7828828951293583
2013-06-27,0.7324916856295772
2013-06-28,0.7360627353984036
2013-07-01,0.6609089457704782
2013-07-02,0.6757084899311274
2013-07-03,0.6374926869271313
2013-07-05,0.42594242298815604
2013-07-08,0.40921612890813136
2013-07-09,0.34103525590420103
2013-07-10,0.3199286074305253
2013-07-11,0.3
2013-07-12,0.3
2013-07-15,0.3
2013-07-16,0.363226056185032
2013-07-17,0.3
2013-07-18,0.3
2013-07-19,0.3
2013-07-22,0.3
2013-07-23,0.3
2013-07-24,0.3
2013-07-25,0.3
2013-07-26,0.3
2013-07-29,0.3
2013-07-30,0.3
2013-07-31,0.3
2013-08-01,0.3
2013-08-02,0.3
2013-08-05,0.3
2013-08-06,0.3
2013-08-07,0.3
2013-08-08,0.3
2013-08-09,0.3
2013-08-12,0.3
2013-08-13,0.3
2013-08-14,0.3
2013-08-15,0.47015071765349975
2013-08-16,0.41025277674789623
2013-08-19,0.5320561216716864
2013-08-20,0.499860543491146
2013-08-21,0.6706367874134826
2013-08-22,0.47259269276674826
2013-08-23,0.3427229216524207
2013-08-26,0.5118776312678873
2013-08-27,0.8089547272637543
2013-08-28,0.7609557367170281
2013-08-29,0.8138548350202482
2013-08-30,0.8465594404592828
2013-09-03,0.7804075546849191
2013-09-04,0.6604905886974053
2013-09-05,0.6436145089237503
2013-09-06,0.659162204565972
2013-09-09,0.6239339844866912
2013-09-10,0.4383373918436141
2013-09-11,0.3185234683877417
2013-09-12,0.3993599702174828
2013-09-13,0.37872926342861457
2013-09-16,0.41697473209713726
2013-09-17,0.4420857704114384
2013-09-18,0.3
2013-09-19,0.3
2013-09-20,0.3
2013-09-23,0.40705348057406743
2013-09-24,0.3681349364745937
2013-09-25,0.35626854388516477
2013-09-26,0.3647975565520556
2013-09-27,0.6016148776786908
2013-09-30,0.794724603735965
2013-10-01,0.6148378145979486
2013-10-02,0.7932597922489133
2013-10-03,0.9717972985164708
2013-10-04,0.8139548950075032
2013-10-07,1.252884245693116
2013-10-08,1.3910038657742936
2013-10-09,1.2582347440050823
2013-10-10,0.7500827924458219
2013-10-11,0.6272277943436958
2013-10-14,0.6842665280082443
2013-10-15,1.0992916871530976
2013-10-16,0.46246493703939795
2013-10-17,0.3
2013-10-18,0.3
2013-10-21,0.3
2013-10-22,0.3
2013-10-23,0.3
2013-10-24,0.3
2013-10-25,0.3
2013-10-28,0.3
2013-10-29,0.3
2013-10-30,0.310504095320004
2013-10-31,0.32894087673746464
2013-11-01,0.3
2013-11-04,0.3
2013-11-05,0.3
2013-11-06,0.3
2013-11-07,0.36799458678475383
2013-11-08,0.3
2013-11-11,0.3
2013-11-12,0.3
2013-11-13,0.3
2013-11-14,0.3
2013-11-15,0.3
2013-11-18,0.3
2013-11-19,0.3010818053357838
2013-11-20,0.3040435677129936
2013-11-21,0.3
2013-11-22,0.3
2013-11-25,0.3
2013-11-26,0.3
2013-11-27,0.3
2013-11-29,0.36661497494026163
2013-12-02,0.457855963948298
2013-12-03,0.5138001162142177
2013-12-04,0.5411988383126063
2013-12-05,0.6074555235628978
2013-12-06,0.38764720459861646
2013-12-09,0.3375702225186652
2013-12-10,0.41123041411825634
2013-12-11,0.6716582827861923
2013-12-12,0.6927394094579724
2013-12-13,0.731583436872769
2013-12-16,0.7795049175923878
2013-12-17,0.8108407690560747
2013-12-18,0.39461568555666793
2013-12-19,0.45727045759472396
2013-12-20,0.39669014098753064
2013-12-23,0.3
2013-12-24,0.3
2013-12-26,0.3
2013-12-27,0.3
2013-12-30,0.36954378893094664
2013-12-31,0.4022678959414264
2014-01-02,0.5003192666122604
2014-01-03,0.4108760454353649
2014-01-06,0.3708785518007389
2014-01-07,0.3
2014-01-08,0.3
2014-01-09,0.3
2014-01-10,0.3
2014-01-13,0.3231580751451306
2014-01-14,0.3
2014-01-15,0.3
2014-01-16,0.3
2014-01-17,0.3
2014-01-21,0.3
2014-01-22,0.3
2014-01-23,0.4186356259384789
2014-01-24,1.2375637419612022
2014-01-27,1.0955345632130833
2014-01-28,0.7902884196002546
2014-01-29,1.0739458743302386
2014-01-30,1.057454806623363
2014-01-31,1.253681846849453
2014-02-03,1.5
2014-02-04,1.337123208654487
2014-02-05,1.4639626673898516
2014-02-06,0.9897671264479257
2014-02-07,0.6548274835254798
2014-02-10,0.6482276759109467
2014-02-11,0.5180861802400846
2014-02-12,0.480733150348667
2014-02-13,0.45227204617735106
2014-02-14,0.3529746636548108
2014-02-18,0.40372427733760363
2014-02-19,0.6843976765710519
2014-02-20,0.5610296111389098
2014-02-21,0.542313813628486
2014-02-24,0.4641095232591934
2014-02-25,0.3690637821485517
2014-02-26,0.4902169559744955
2014-02-27,0.4360715588835036
2014-02-28,0.43003691506787894
2014-03-03,0.7819805242337098
2014-03-04,0.44720510311734035
2014-03-05,0.40989342752746555
2014-03-06,0.4657967362477352
2014-03-07,0.4473816824924489
2014-03-10,0.4620670161771726
2014-03-11,0.5661676402428485
2014-03-12,0.506027382790215
2014-03-13,0.815199010550173
2014-03-14,1.095669773458832
2014-03-17,0.7049078963834217
2014-03-18,0.503359403607736
2014-03-19,0.6104284902155168
2014-03-20,0.5015258139762713
2014-03-21,0.5870470787863251
2014-03-24,0.6021675450164665
2014-03-25,0.4096387854027259
2014-03-26,0.5718073537073897
2014-03-27,0.5149511210853407
2014-03-28,0.47582316297826655
2014-03-31,0.37984141240842706
2014-04-01,0.3
2014-04-02,0.3
2014-04-03,0.3
2014-04-04,0.39532820473253066
2014-04-07,0.6842823392340222
2014-04-08,0.5601295987575278
2014-04-09,0.3652191487017782
2014-04-10,0.7384435513283383
2014-04-11,0.942126144991789
2014-04-14,0.7765399995438821
2014-04-15,0.6841348071686965
2014-04-16,0.42509096518095174
2014-04-17,0.3
2014-04-21,0.3
2014-04-22,0.3
2014-04-23,0.3
2014-04-24,0.3
2014-04-25,0.4081930091912561
2014-04-28,0.3914275713411952
2014-04-29,0.34383809639869206
2014-04-30,0.3
2014-05-01,0.3
2014-05-02,0.3
2014-05-05,0.3
2014-05-06,0.36058733259313225
2014-05-07,0.3
2014-05-08,0.3
2014-05-09,0.3
2014-05-12,0.3
2014-05-13,0.3
2014-05-14,0.3
2014-05-15,0.3
2014-05-16,0.3
2014-05-19,0.3
2014-05-20,0.3
2014-05-21,0.3
2014-05-22,0.3
2014-05-23,0.3
2014-05-27,0.3
2014-05-28,0.3
2014-05-29,0.3
2014-05-30,0.3
2014-06-02,0.3
2014-06-03,0.3
2014-06-04,0.3
2014-06-05,0.3
2014-06-06,0.3
2014-06-09,0.3
2014-06-10,0.3
2014-06-11,0.3
2014-06-12,0.3
2014-06-13,0.3
2014-06-16,0.3
2014-06-17,0.3
2014-06-18,0.3
2014-06-19,0.3
2014-06-20,0.3
2014-06-23,0.3
2014-06-24,0.3
2014-06-25,0.3
2014-06-26,0.3
2014-06-27,0.3
2014-06-30,0.3
2014-07-01,0.3
2014-07-02,0.3
2014-07-03,0.3
2014-07-07,0.3
2014-07-08,0.3
2014-07-09,0.3
2014-07-10,0.3
2014-07-11,0.3
2014-07-14,0.3
2014-07-15,0.3
2014-07-16,0.3
2014-07-17,0.6186666507246853
2014-07-18,0.3
2014-07-21,0.3121146336516222
2014-07-22,0.3
2014-07-23,0.3
2014-07-24,0.3
2014-07-25,0.3
2014-07-28,0.3
2014-07-29,0.39830831260158306
2014-07-30,0.40719323102520116
2014-07-31,1.0418744614827213
2014-08-01,1.050330478923195
2014-08-04,0.7141707488103417
2014-08-05,1.0159911789376959
2014-08-06,0.9250253318863091
2014-08-07,0.9713738384176359
2014-08-08,0.8143601596006117
2014-08-11,0.546533690176101
2014-08-12,0.5282873781613816
2014-08-13,0.3140747548946627
2014-08-14,0.3
2014-08-15,0.35917673504920666
2014-08-18,0.3
2014-08-19,0.3
2014-08-20,0.3
2014-08-21,0.3
2014-08-22,0.3
2014-08-25,0.3
2014-08-26,0.3
2014-08-27,0.3
2014-08-28,0.3
2014-08-29,0.3
2014-09-02,0.3
2014-09-03,0.3
2014-09-04,0.3025176723765551
2014-09-05,0.3
2014-09-08,0.31030365346854105
2014-09-09,0.4586067315721823
2014-09-10,0.3511225430936415
2014-09-11,0.3378905334727682
2014-09-12,0.42788369793110737
2014-09-15,0.5697823304091223
2014-09-16,0.32752042021566613
2014-09-17,0.3148652166484076
2014-09-18,0.3
2014-09-19,0.3
2014-09-22,0.498343941911714
2014-09-23,0.7142920621610251
2014-09-24,0.42518962675420374
2014-09-25,0.8369368658334414
2014-09-26,0.6986883989013097
2014-09-29,0.8945393509525982
2014-09-30,0.9524958698029219
2014-10-01,1.0196922062256042
2014-10-02,0.9251331385371819
2014-10-03,0.6488783668435638
2014-10-06,0.810161009184046
2014-10-07,1.1245046920694328
2014-10-08,0.7631583405284825
2014-10-09,1.433724898612898
2014-10-10,1.5
2014-10-13,1.5
2014-10-14,1.5
2014-10-15,1.5
2014-10-16,1.5
2014-10-17,1.5
2014-10-20,1.164111252483254
2014-10-21,0.8104264875338647
2014-10-22,1.057145410248773
2014-10-23,0.8666913752620771
2014-10-24,0.8058696599995541
2014-10-27,0.794071288102796
2014-10-28,0.563347806963224
2014-10-29,0.6683208215828258
2014-10-30,0.5799958690786817
2014-10-31,0.5115292198229352
2014-11-03,0.6083103427204749
2014-11-04,0.6295393911681201
2014-11-05,0.5286673363110621
2014-11-06,0.4583730201537742
2014-11-07,0.38210743674725745
2014-11-10,0.31950360051227716
2014-11-11,0.3541015976008277
2014-11-12,0.3679215665596073
2014-11-13,0.474630088742826
2014-11-14,0.40702230829142105
2014-11-17,0.5010379709142748
2014-11-18,0.48242680796047227
2014-11-19,0.4961017760096515
2014-11-20,0.44282241325343136
2014-11-21,0.34749533859125503
2014-11-24,0.3080275159889546
2014-11-25,0.3
2014-11-26,0.3
2014-11-28,0.40807099441120104
2014-12-01,0.5239054025709602
2014-12-02,0.3415112007981558
2014-12-03,0.3
2014-12-04,0.3
2014-12-05,0.3
2014-12-08,0.5355262305815368
2014-12-09,0.6933775711188817
2014-12-10,1.1295344462636123
2014-12-11,1.3315336221516576
2014-12-12,1.450222722248676
2014-12-15,1.348517097015531
2014-12-16,1.5
2014-12-17,1.18869906877024
2014-12-18,0.8483133167595152
2014-12-19,0.8055595797727884
2014-12-22,0.6459718668763359
2014-12-23,0.5874888677640151
2014-12-24,0.5314957189909477
2014-12-26,0.5470933261782157
2014-12-29,0.617661636364064
2014-12-30,0.7266368837525736
2014-12-31,1.139696264984217
2015-01-02,0.9567043083094231
2015-01-05,1.2170090293696527
2015-01-06,1.3527178674362905
2015-01-07,1.1210911976569964
2015-01-08,0.8352326062703238
2015-01-09,0.8984487623529691
2015-01-12,1.142384159332272
2015-01-13,1.2485004760996283
2015-01-14,1.3450856630350658
2015-01-15,1.434916894665393
2015-01-16,1.254520718881347
2015-01-20,1.1238379591164467
2015-01-21,0.9987671757713901
2015-01-22,0.7145698923766899
2015-01-23,0.7430022645874155
2015-01-26,0.6131979806966442
2015-01-27,0.8097675489105626
2015-01-28,1.1744052302797958
2015-01-29,0.9800357889527217
2015-01-30,1.2254702352407665
2015-02-02,1.049105244386615
2015-02-03,0.8159837112758488
2015-02-04,0.9313024213306631
2015-02-05,0.7647621244427492
2015-02-06,0.8153675360994336
2015-02-09,0.9572596717980473
2015-02-10,0.8044822743209687
2015-02-11,0.7720844345650199
2015-02-12,0.5863218522320757
2015-02-13,0.511740274098619
2015-02-17,0.6376574490392728
2015-02-18,0.5969130571030019
2015-02-19,0.5787190906327491
2015-02-20,0.4657301724416261
2015-02-23,0.49551664355230485
2015-02-24,0.39629039970015273
2015-02-25,0.4133578413348753
2015-02-26,0.42156902778973054
2015-02-27,0.3567598298917053
2015-03-02,0.3229910145594631
2015-03-03,0.41761211733181397
2015-03-04,0.4598367260837033
2015-03-05,0.4380518023401725
2015-03-06,0.5701758693585683
2015-03-09,0.553745396473666
2015-03-10,0.7386629876839959
2015-03-11,0.7579688591039122
2015-03-12,0.5921739375375366
2015-03-13,0.6584285008324336
2015-03-16,0.6152051313066498
2015-03-17,0.620909123713346
2015-03-18,0.4280262072093762
2015-03-19,0.43992965572446563
2015-03-20,0.32072705869846874
2015-03-23,0.366026249790247
2015-03-24,0.3906858386059696
2015-03-25,0.5977981125868841
2015-03-26,0.6384525690760677
2015-03-27,0.5549460260263578
2015-03-30,0.4910030330414102
2015-03-31,0.5793658434380503
2015-04-01,0.557943760463962
2015-04-02,0.5070026780399847
2015-04-06,0.5143821065168487
2015-04-07,0.5185824229574526
2015-04-08,0.4278788723416813
2015-04-09,0.3270728972319753
2015-04-10,0.3
2015-04-13,0.4256479857743282
2015-04-14,0.39622098965342917
2015-04-15,0.3028626140004323
2015-04-16,0.3
2015-04-17,0.4244123342490672
2015-04-20,0.3570639907187605
2015-04-21,0.35135395982563833
2015-04-22,0.3
2015-04-23,0.3
2015-04-24,0.3
2015-04-27,0.33833682589632774
2015-04-28,0.3
2015-04-29,0.370098248766614
2015-04-30,0.5016129178340838
2015-05-01,0.3
2015-05-04,0.3084260557822025
2015-05-05,0.47410582142810137
2015-05-06,0.569124820141
2015-05-07,0.566081357919669
2015-05-08,0.30792306765374355
2015-05-11,0.4201533012400656
2015-05-12,0.4204643816822591
2015-05-13,0.4082125517591622
2015-05-14,0.3
2015-05-15,0.3
2015-05-18,0.3
2015-05-19,0.3039941440500711
2015-05-20,0.3074688456245361
2015-05-21,0.3
2015-05-22,0.3
2015-05-26,0.44072030887399755
2015-05-27,0.3491728190602126
2015-05-28,0.3527827528931158
2015-05-29,0.4124756875914689
2015-06-01,0.4260974392266713
2015-06-02,0.4559475859647504
2015-06-03,0.3878560038828595
2015-06-04,0.5083116565283329
2015-06-05,0.44902035270001384
2015-06-08,0.572766624222667
2015-06-09,0.4754540936330642
2015-06-10,0.32760233174464826
2015-06-11,0.3
2015-06-12,0.39192823013664163
2015-06-15,0.5800154207309096
2015-06-16,0.5106604276411941
2015-06-17,0.47289635035163946
2015-06-18,0.31618470718563957
2015-06-19,0.40556119674388963
2015-06-22,0.3
2015-06-23,0.3
2015-06-24,0.3191488190586561
2015-06-25,0.4076399396166952
2015-06-26,0.4074775799611011
2015-06-29,0.9849667741700407
2015-06-30,0.9071090461331874
2015-07-01,0.6478512758474062
2015-07-02,0.7302165779988472
2015-07-06,0.7547440943765453
2015-07-07,0.6410244067757351
2015-07-08,1.0706601378451925
2015-07-09,1.1021241134476476
2015-07-10,0.7200340020975157
2015-07-13,0.36388963770050076
2015-07-14,0.3
2015-07-15,0.3
2015-07-16,0.3
2015-07-17,0.3
2015-07-20,0.3
2015-07-21,0.3
2015-07-22,0.3
2015-07-23,0.3
2015-07-24,0.34157655874675186
2015-07-27,0.5675517841864229
2015-07-28,0.30261159432975016
2015-07-29,0.3
2015-07-30,0.3
2015-07-31,0.3
2015-08-03,0.3
2015-08-04,0.3
2015-08-05,0.3
2015-08-06,0.3537861730592737
2015-08-07,0.3090711154804599
2015-08-10,0.3
2015-08-11,0.35031368902347704
2015-08-12,0.3384581291132951
2015-08-13,0.32349698949904954
2015-08-14,0.3
2015-08-17,0.3
2015-08-18,0.35886258175844343
2015-08-19,0.5352842201173584
2015-08-20,1.0054825678068087
2015-08-21,1.5
2015-08-24,1.5
2015-08-25,1.5
2015-08-26,1.5
2015-08-27,1.4669205330940267
2015-08-28,1.443474384673741
2015-08-31,1.5
2015-09-01,1.5
2015-09-02,1.3704173614348418
2015-09-03,1.3170497508951282
2015-09-04,1.4768439681164036
2015-09-08,1.2312592539717278
2015-09-09,1.324450847157952
2015-09-10,1.168166584205369
2015-09-11,1.0697898315469216
2015-09-14,1.1445164597093447
2015-09-15,1.006285245884328
2015-09-16,0.9103770028873706
2015-09-17,0.8908870652132936
2015-09-18,0.9749511862943923
2015-09-21,0.8071179565100184
2015-09-22,0.9805000541903511
2015-09-23,0.9528228357222632
2015-09-24,1.0500457269428263
2015-09-25,1.0559895358420275
2015-09-28,1.345862340309553
2015-09-29,1.274152636450085
2015-09-30,1.0950479534548583
2015-10-01,0.9479687518716947
2015-10-02,0.8276879633499502
2015-10-05,0.7234824860449378
2015-10-06,0.7119293561144132
2015-10-07,0.6383221233773263
2015-10-08,0.5659268720016508
2015-10-09,0.5415444725760061
2015-10-12,0.4763214945978009
2015-10-13,0.5890055564280097
2015-10-14,0.6174239179576161
2015-10-15,0.47314241121667294
2015-10-16,0.40068380544253634
2015-10-19,0.39719566550842234
2015-10-20,0.45616589740984315
2015-10-21,0.5277525515418414
2015-10-22,0.35880752375255565
2015-10-23,0.36023199718609134
2015-10-26,0.4231627109529249
2015-10-27,0.43392118946558944
2015-10-28,0.35089099528505696
2015-10-29,0.3722127693537439
2015-10-30,0.40675662988092504
2015-11-02,0.3372511983760562
2015-11-03,0.36676366161660434
2015-11-04,0.4398043847143982
2015-11-05,0.40477676599230866
2015-11-06,0.35014796798024683
2015-11-09,0.5146140197397295
2015-11-10,0.42069482035038563
2015-11-11,0.47803844020488545
2015-11-12,0.6516907023653715
2015-11-13,0.779348781859009
2015-11-16,0.6323958833240775
2015-11-17,0.6825324030765203
2015-11-18,0.5306599270534965
2015-11-19,0.540401417838036
2015-11-20,0.42429508609186073
2015-11-23,0.43479769220615033
2015-11-24,0.4573319472806175
2015-11-25,0.3998531442380423
2015-11-27,0.3933845708837994
2015-11-30,0.4697815935341201
2015-12-01,0.35776652111117874
2015-12-02,0.45176795908176437
2015-12-03,0.619015788325326
2015-12-04,0.36452358748419866
2015-12-07,0.4424439994306626
2015-12-08,0.5771847877264621
2015-12-09,0.7307957322306012
2015-12-10,0.7096464271286653
2015-12-11,1.0944868896275977
2015-12-14,0.9658474112376441
2015-12-15,0.8293012995761516
2015-12-16,0.5951057095476205
2015-12-17,0.6783373756986377
2015-12-18,0.8119496009067255
2015-12-21,0.6576729560371918
2015-12-22,0.4961230236424052
2015-12-23,0.4168179562286002
2015-12-24,0.42941820398184066
2015-12-28,0.518551285184275
2015-12-29,0.45445249463365717
2015-12-30,0.547033835720537
2015-12-31,0.618096676202736
2016-01-04,0.8081833115503678
2016-01-05,0.7040252485705967
2016-01-06,0.800325517308941
2016-01-07,1.1325286875501022
2016-01-08,1.275181520068367
2016-01-11,1.0652961404672645
2016-01-12,0.9260022422647535
2016-01-13,1.1269927672165578
2016-01-14,1.0301545038197129
2016-01-15,1.2513370279225575
2016-01-19,1.1738890395630317
2016-01-20,1.2765690925330826
2016-01-21,1.2029837538080246
2016-01-22,0.8875622707328157
2016-01-25,1.012747598509724
2016-01-26,0.8920315015367508
2016-01-27,0.9323191482073367
2016-01-28,0.8822215178538622
2016-01-29,0.7244671574344363
2016-02-01,0.7093042703434774
2016-02-02,0.8496239870200091
2016-02-03,0.8244691930990429
2016-02-04,0.8362557344284198
2016-02-05,0.941333887715888
2016-02-08,1.118477788279784
2016-02-09,1.149041234387234
2016-02-10,1.1248227517511777
2016-02-11,1.2414067103376374
2016-02-12,1.049509616210858
2016-02-16,0.9582169876690851
2016-02-17,0.8344759848304404
2016-02-18,0.7873782777211907
2016-02-19,0.71125594921063
2016-02-22,0.6326789918421727
2016-02-23,0.7384524551941632
2016-02-24,0.7191633962548286
2016-02-25,0.6096149612498597
2016-02-26,0.6552327688981435
2016-02-29,0.7032638621174816
2016-03-01,0.5100285968269287
2016-03-02,0.46796449497014525
2016-03-03,0.4409052349958258
2016-03-04,0.4509184295026993
2016-03-07,0.4834966431663203
2016-03-08,0.571937476628573
2016-03-09,0.5491406012320306
2016-03-10,0.529178734893588
2016-03-11,0.4238610379066736
2016-03-14,0.45206653685498843
2016-03-15,0.44629827279701295
2016-03-16,0.32110072186655647
2016-03-17,0.3
2016-03-18,0.3
2016-03-21,0.3
2016-03-22,0.3
2016-03-23,0.3164677696688888
2016-03-24,0.30313176388208807
2016-03-28,0.33726152460450576
2016-03-29,0.3
2016-03-30,0.3
2016-03-31,0.3
2016-04-01,0.3
2016-04-04,0.3
2016-04-05,0.35139459860678024
2016-04-06,0.3
2016-04-07,0.4010183189739306
2016-04-08,0.34604402545041646
2016-04-11,0.4058875430536211
2016-04-12,0.3097680107558031
2016-04-13,0.3
2016-04-14,0.3
2016-04-15,0.3
2016-04-18,0.3
2016-04-19,0.3
2016-04-20,0.3
2016-04-21,0.3
2016-04-22,0.3
2016-04-25,0.3
2016-04-26,0.3
2016-04-27,0.3
2016-04-28,0.3312940906084535
2016-04-29,0.36375320396335464
2016-05-02,0.3
2016-05-03,0.3551974675318801
2016-05-04,0.385530617925423
2016-05-05,0.3756703047914304
2016-05-06,0.3
2016-05-09,0.3
2016-05-10,0.3
2016-05-11,0.3
2016-05-12,0.3
2016-05-13,0.3139617086119537
2016-05-16,0.3
2016-05-17,0.34857952445329987
2016-05-18,0.3737896393134893
2016-05-19,0.3989846612858976
2016-05-20,0.3192754026418084
2016-05-23,0.36105842571417635
2016-05-24,0.3
2016-05-25,0.3
2016-05-26,0.3
2016-05-27,0.3
2016-05-31,0.3
2016-06-01,0.3
2016-06-02,0.3
2016-06-03,0.3
2016-06-06,0.3
2016-06-07,0.3
2016-06-08,0.3
2016-06-09,0.3
2016-06-10,0.44464328902524647
2016-06-13,0.7179753376303439
2016-06-14,0.683697124085635
2016-06-15,0.6571209331534412
2016-06-16,0.6020241555668675
2016-06-17,0.6032791078302082
2016-06-20,0.529197931367797
2016-06-21,0.5354044959915643
2016-06-22,0.7226202639839479
2016-06-23,0.44499418817233805
2016-06-24,1.0408477414260076
2016-06-27,0.9030878463095784
2016-06-28,0.5447093733801492
2016-06-29,0.39688849566974893
2016-06-30,0.3260826392131779
2016-07-01,0.3
2016-07-05,0.3237582471739673
2016-07-06,0.3
2016-07-07,0.3
2016-07-08,0.3
2016-07-11,0.3
2016-07-12,0.3
2016-07-13,0.3
2016-07-14,0.3
2016-07-15,0.3
2016-07-18,0.3
2016-07-19,0.3
2016-07-20,0.3
2016-07-21,0.3
2016-07-22,0.3
2016-07-25,0.3
2016-07-26,0.3
2016-07-27,0.3
2016-07-28,0.3
2016-07-29,0.3
2016-08-01,0.3
2016-08-02,0.3
2016-08-03,0.3
2016-08-04,0.3
2016-08-05,0.3
2016-08-08,0.3
2016-08-09,0.3
2016-08-10,0.3
2016-08-11,0.3
2016-08-12,0.3
2016-08-15,0.3
2016-08-16,0.3
2016-08-17,0.3
2016-08-18,0.3
2016-08-19,0.3
2016-08-22,0.3
2016-08-23,0.3
2016-08-24,0.3
2016-08-25,0.3
2016-08-26,0.3
2016-08-29,0.3
2016-08-30,0.3
2016-08-31,0.3
2016-09-01,0.3
2016-09-02,0.3
2016-09-06,0.3
2016-09-07,0.3
2016-09-08,0.3
2016-09-09,0.5367041997599931
2016-09-12,0.3482186220799389
2016-09-13,0.570582837986621
2016-09-14,0.5962135596193501
2016-09-15,0.4458765940566858
2016-09-16,0.37059472219363987
2016-09-19,0.3856973541702883
2016-09-20,0.41942493932815567
2016-09-21,0.3
2016-09-22,0.3
2016-09-23,0.3
2016-09-26,0.31216320605147535
2016-09-27,0.3
2016-09-28,0.3
2016-09-29,0.3
2016-09-30,0.3
2016-10-03,0.3
2016-10-04,0.3
2016-10-05,0.3
2016-10-06,0.3
2016-10-07,0.3
2016-10-10,0.3
2016-10-11,0.40911713326944266
2016-10-12,0.45760312541207676
2016-10-13,0.525998827110078
2016-10-14,0.4763206812557409
2016-10-17,0.48375574148592554
2016-10-18,0.4026078160441515
2016-10-19,0.3273400155053422
2016-10-20,0.3
2016-10-21,0.3
2016-10-24,0.3
2016-10-25,0.3
2016-10-26,0.3162476650318008
2016-10-27,0.41300228441285747
2016-10-28,0.4844742112116594
2016-10-31,0.5593227977663329
2016-11-01,0.6880462199367507
2016-11-02,0.7522164704584728
2016-11-03,0.9873911402504196
2016-11-04,1.0195799426932473
2016-11-07,0.69124762146916
2016-11-08,0.6929407448681926
2016-11-09,0.3186013593039545
2016-11-10,0.35003638299754253
2016-11-11,0.30256256634974144
2016-11-14,0.3308808899910563
2016-11-15,0.3
2016-11-16,0.3
2016-11-17,0.3
2016-11-18,0.3
2016-11-21,0.3
2016-11-22,0.3
2016-11-23,0.3
2016-11-25,0.3
2016-11-28,0.3
2016-11-29,0.3
2016-11-30,0.3
2016-12-01,0.31175201372026384
2016-12-02,0.317355494535561
2016-12-05,0.3
2016-12-06,0.3
2016-12-07,0.3
2016-12-08,0.3
2016-12-09,0.3
2016-12-12,0.3
2016-12-13,0.3
2016-12-14,0.3
2016-12-15,0.3
2016-12-16,0.3
2016-12-19,0.3
2016-12-20,0.3
2016-12-21,0.3
2016-12-22,0.3
2016-12-23,0.3
2016-12-27,0.3
2016-12-28,0.3
2016-12-29,0.3
2016-12-30,0.3501425797248754
2017-01-03,0.3
2017-01-04,0.3
2017-01-05,0.3
2017-01-06,0.3
2017-01-09,0.3
2017-01-10,0.3
2017-01-11,0.3
2017-01-12,0.3
2017-01-13,0.3
2017-01-17,0.3
2017-01-18,0.3
2017-01-19,0.3
2017-01-20,0.3
2017-01-23,0.3
2017-01-24,0.3
2017-01-25,0.3
2017-01-26,0.3
2017-01-27,0.3
2017-01-30,0.3
2017-01-31,0.3
2017-02-01,0.3
2017-02-02,0.3
2017-02-03,0.3
2017-02-06,0.3
2017-02-07,0.3
2017-02-08,0.3
2017-02-09,0.3
2017-02-10,0.3
2017-02-13,0.3
2017-02-14,0.3
2017-02-15,0.3
2017-02-16,0.3
2017-02-17,0.3
2017-02-21,0.3
2017-02-22,0.3
2017-02-23,0.3
2017-02-24,0.3
2017-02-27,0.3
2017-02-28,0.34948901028653
2017-03-01,0.3004910549731904
2017-03-02,0.3
2017-03-03,0.3
2017-03-06,0.3
2017-03-07,0.3
2017-03-08,0.3
2017-03-09,0.3
2017-03-10,0.3
2017-03-13,0.3
2017-03-14,0.3
2017-03-15,0.3
2017-03-16,0.3
2017-03-17,0.3
2017-03-20,0.3
2017-03-21,0.32428783950717105
2017-03-22,0.3716637482059155
2017-03-23,0.41510684145522253
2017-03-24,0.3941261073692859
2017-03-27,0.3325020073222785
2017-03-28,0.3
2017-03-29,0.3
2017-03-30,0.3
2017-03-31,0.31976149034746953
2017-04-03,0.32215792694331824
2017-04-04,0.3
2017-04-05,0.39434000268644603
2017-04-06,0.32796187903154084
2017-04-07,0.39475437393368146
2017-04-10,0.5572921166510518
2017-04-11,0.6967996327708413
2017-04-12,0.7911405167238956
2017-04-13,0.8153319159168697
2017-04-17,0.6373388183002455
2017-04-18,0.6040060431368349
2017-04-19,0.672562795991199
2017-04-20,0.5657645996121338
2017-04-21,0.6307893294336195
2017-04-24,0.3
2017-04-25,0.3
2017-04-26,0.3
2017-04-27,0.3
2017-04-28,0.3
2017-05-01,0.3
2017-05-02,0.3
2017-05-03,0.3
2017-05-04,0.3
2017-05-05,0.3
2017-05-08,0.3
2017-05-09,0.3
2017-05-10,0.3
2017-05-11,0.3
2017-05-12,0.3
2017-05-15,0.3
2017-05-16,0.3
2017-05-17,0.7886007988875776
2017-05-18,0.6677994588351781
2017-05-19,0.3262030429172045
2017-05-22,0.3
2017-05-23,0.3
2017-05-24,0.3
2017-05-25,0.3
2017-05-26,0.3
2017-05-30,0.3
2017-05-31,0.3
2017-06-01,0.3
2017-06-02,0.3
2017-06-05,0.3
2017-06-06,0.3
2017-06-07,0.3
2017-06-08,0.3
2017-06-09,0.3
2017-06-12,0.3
2017-06-13,0.3
2017-06-14,0.3
2017-06-15,0.3
2017-06-16,0.3
2017-06-19,0.3
2017-06-20,0.3
2017-06-21,0.3
2017-06-22,0.3
2017-06-23,0.3
2017-06-26,0.3
2017-06-27,0.3
2017-06-28,0.3
2017-06-29,0.3041802928515148
2017-06-30,0.3
2017-07-03,0.3
2017-07-05,0.3
2017-07-06,0.4938684313061116
2017-07-07,0.3
2017-07-10,0.3
2017-07-11,0.3
2017-07-12,0.3
2017-07-13,0.3
2017-07-14,0.3
2017-07-17,0.3
2017-07-18,0.3
2017-07-19,0.3
2017-07-20,0.3
2017-07-21,0.3
2017-07-24,0.3
2017-07-25,0.3
2017-07-26,0.3
2017-07-27,0.3
2017-07-28,0.3
2017-07-31,0.3
2017-08-01,0.3
2017-08-02,0.3
2017-08-03,0.3
2017-08-04,0.3
2017-08-07,0.3
2017-08-08,0.3
2017-08-09,0.3079981715745934
2017-08-10,1.0728422405630114
2017-08-11,0.9861278414897607
2017-08-14,0.4934507146684269
2017-08-15,0.44840607765145984
2017-08-16,0.4025216053994218
2017-08-17,0.9882026493911958
2017-08-18,0.7872995905526812
2017-08-21,0.6214331792979375
2017-08-22,0.33868298462650703
2017-08-23,0.4773118440141103
2017-08-24,0.47496665245570646
2017-08-25,0.33006745531421255
2017-08-28,0.337618758099937
2017-08-29,0.3969277518939561
2017-08-30,0.32419697439290207
2017-08-31,0.3
2017-09-01,0.3
2017-09-05,0.4834091776034912
2017-09-06,0.39147424204035924
2017-09-07,0.3794454284735509
2017-09-08,0.46723303527815646
2017-09-11,0.3
2017-09-12,0.3
2017-09-13,0.3
2017-09-14,0.3
2017-09-15,0.3
2017-09-18,0.3
2017-09-19,0.3
2017-09-20,0.3
2017-09-21,0.3
2017-09-22,0.3
2017-09-25,0.3
2017-09-26,0.3
2017-09-27,0.3
2017-09-28,0.3
2017-09-29,0.3
2017-10-02,0.3
2017-10-03,0.3
2017-10-04,0.3
2017-10-05,0.3
2017-10-06,0.3
2017-10-09,0.3
2017-10-10,0.3
2017-10-11,0.3
2017-10-12,0.3
2017-10-13,0.3
2017-10-16,0.3
2017-10-17,0.3
2017-10-18,0.3
2017-10-19,0.3
2017-10-20,0.3
2017-10-23,0.3858842134665512
2017-10-24,0.40188165092784145
2017-10-25,0.41477990807665893
2017-10-26,0.4280575156846368
2017-10-27,0.3
2017-10-30,0.3001066088962827
2017-10-31,0.3
2017-11-01,0.3
2017-11-02,0.3
2017-11-03,0.3
2017-11-06,0.3
2017-11-07,0.3
2017-11-08,0.3
2017-11-09,0.3
2017-11-10,0.4770688053060087
2017-11-13,0.5284773095416316
2017-11-14,0.5527026024064463
2017-11-15,0.91684508053471
2017-11-16,0.5954982529587173
2017-11-17,0.518987736589081
2017-11-20,0.33471740245929793
2017-11-21,0.3
2017-11-22,0.3
2017-11-24,0.3
2017-11-27,0.3
2017-11-28,0.3
2017-11-29,0.3617125246575326
2017-11-30,0.5021699174467403
2017-12-01,0.5409913379691242
2017-12-04,0.6046673541984501
2017-12-05,0.5201161587990469
2017-12-06,0.44518686760423243
2017-12-07,0.3
2017-12-08,0.3
2017-12-11,0.3
2017-12-12,0.3
2017-12-13,0.3
2017-12-14,0.33062519271032165
2017-12-15,0.3
2017-12-18,0.3
2017-12-19,0.3
2017-12-20,0.3
2017-12-21,0.3
2017-12-22,0.3
2017-12-26,0.3
2017-12-27,0.3421440355043016
2017-12-28,0.3
2017-12-29,0.48488561530700797
2018-01-02,0.3
2018-01-03,0.3
2018-01-04,0.3
2018-01-05,0.3
2018-01-08,0.3
2018-01-09,0.3
2018-01-10,0.3
2018-01-11,0.3
2018-01-12,0.3
2018-01-16,0.654910058680078
2018-01-17,0.7154878297606452
2018-01-18,0.7911286094423147
2018-01-19,0.5622301213979151
2018-01-22,0.5042909219540911
2018-01-23,0.5219998741290484
2018-01-24,0.6117536077356036
2018-01-25,0.6377679258475355
2018-01-26,0.5155536928904983
2018-01-29,1.1791694346359178
2018-01-30,1.3934847858783808
2018-01-31,1.0909386317423375
2018-02-01,1.069764983195666
2018-02-02,1.5
2018-02-05,1.5
2018-02-06,1.5
2018-02-07,1.5
2018-02-08,1.5
2018-02-09,1.5
2018-02-12,1.5
2018-02-13,1.5
2018-02-14,1.2261761739660462
2018-02-15,1.2047363427657474
2018-02-16,1.2259778529781065
2018-02-20,1.3189745786355713
2018-02-21,1.2545366473851063
2018-02-22,1.1288171380519505
2018-02-23,0.9236174750965934
2018-02-26,0.8589032704917767
2018-02-27,1.1040387038948616
2018-02-28,1.2080347527878335
2018-03-01,1.4226246430360503
2018-03-02,1.1629806677797139
2018-03-05,1.0822529165998207
2018-03-06,1.0450401472329198
2018-03-07,0.989367208880883
2018-03-08,0.8826578984073528
2018-03-09,0.7199612026413458
2018-03-12,0.814959388055666
2018-03-13,0.8608381661942303
2018-03-14,0.9322555772796379
2018-03-15,0.8756241026942514
2018-03-16,0.8070833078963179
2018-03-19,1.0718518239672907
2018-03-20,0.9988380111143592
2018-03-21,0.9669278582022567
2018-03-22,1.404099592944729
2018-03-23,1.5
2018-03-26,1.1901006802518834
2018-03-27,1.2945915329759856
2018-03-28,1.310438337580108
2018-03-29,1.0791844306198097
2018-04-02,1.3461437699310301
2018-04-03,1.146600697689397
2018-04-04,1.0624349854363997
2018-04-05,0.9742027409664819
2018-04-06,1.157414157396431
2018-04-09,1.1699755129908123
2018-04-10,1.068618975137336
2018-04-11,1.0470936576047856
2018-04-12,0.9174717516658295
2018-04-13,0.8380941008296614
2018-04-16,0.776101488222062
2018-04-17,0.6808191350636638
2018-04-18,0.7057700242508688
2018-04-19,0.7314592715574173
2018-04-20,0.7969364421693443
2018-04-23,0.7571383886221871
2018-04-24,0.8757419556980989
2018-04-25,0.8600261665076041
2018-04-26,0.7430911172347241
2018-04-27,0.6819149097660191
2018-04-30,0.7177778327516539
2018-05-01,0.6846127460992514
2018-05-02,0.7175332754524257
2018-05-03,0.7109411680930378
2018-05-04,0.6285102192976679
2018-05-07,0.6259114190602967
2018-05-08,0.6217099306010097
2018-05-09,0.5278885111267942
2018-05-10,0.5133466021914669
2018-05-11,0.47092768171157035
2018-05-14,0.490395496759657
2018-05-15,0.6119510207575479
2018-05-16,0.5237895734029357
2018-05-17,0.525145940811992
2018-05-18,0.5247842363529758
2018-05-21,0.4998995500133079
2018-05-22,0.509371220945995
2018-05-23,0.4625135079941702
2018-05-24,0.45813700341865266
2018-05-25,0.507205650957039
2018-05-29,0.7805876858952043
2018-05-30,0.6285535366609721
2018-05-31,0.6626834695213197
2018-06-01,0.5187754473772326
2018-06-04,0.4655948962889274
2018-06-05,0.44015476679094734
2018-06-06,0.3844593131908558
2018-06-07,0.4195725757801422
2018-06-08,0.42256914586296485
2018-06-11,0.434449019621677
2018-06-12,0.4334498391810546
2018-06-13,0.4764747495498769
2018-06-14,0.41613362539956233
2018-06-15,0.4055580545567955
2018-06-18,0.4290628550721733
2018-06-19,0.5042547931254345
2018-06-20,0.46268873619954254
2018-06-21,0.5970741058104144
2018-06-22,0.5324049065357441
2018-06-25,0.7911496457678904
2018-06-26,0.6861697626822434
2018-06-27,0.8296122363826818
2018-06-28,0.750015622533335
2018-06-29,0.6929663859463768
2018-07-02,0.6558274033266223
2018-07-03,0.6938886332867604
2018-07-05,0.6071690146038795
2018-07-06,0.48979030594179535
2018-07-09,0.4395395848997268
2018-07-10,0.4354011461568681
2018-07-11,0.5071617694960433
2018-07-12,0.42943185371954073
2018-07-13,0.39929563372823185
2018-07-16,0.4460088175285711
2018-07-17,0.38855790799473705
2018-07-18,0.3907375385966715
2018-07-19,0.4465607138894651
2018-07-20,0.4447762784552074
2018-07-23,0.4259406884926459
2018-07-24,0.4093593341223014
2018-07-25,0.3994529725827196
2018-07-26,0.3873959744091839
2018-07-27,0.4527269474128852
2018-07-30,0.5432720311513023
2018-07-31,0.4357453010710789
2018-08-01,0.45868784191513595
2018-08-02,0.38621559052506826
2018-08-03,0.3445859390224718
2018-08-06,0.3163606692059162
2018-08-07,0.3
2018-08-08,0.3
2018-08-09,0.3159226349504518
2018-08-10,0.45854077868805676
2018-08-13,0.5803650399170502
2018-08-14,0.4697129302148619
2018-08-15,0.568814447053197
2018-08-16,0.4789281007209556
2018-08-17,0.41892356293772326
2018-08-20,0.4081907246724107
2018-08-21,0.4360924250603276
2018-08-22,0.38995480715638026
2018-08-23,0.40192810326930933
2018-08-24,0.37044162061568153
2018-08-27,0.3829141170133213
2018-08-28,0.40808457133926923
2018-08-29,0.3890948416721612
2018-08-30,0.4846904231006835
2018-08-31,0.4335141627317067
2018-09-04,0.4551544418586572
2018-09-05,0.5112387239812919
2018-09-06,0.5662032575598825
2018-09-07,0.5826008744229617
2018-09-10,0.5276210224121589
2018-09-11,0.4558234377289405
2018-09-12,0.44895402545987173
2018-09-13,0.3900099367181321
2018-09-14,0.36667694499450504
2018-09-17,0.48768244546176387
2018-09-18,0.4192041205879276
2018-09-19,0.3395092699039627
2018-09-20,0.34250115585525764
2018-09-21,0.3325253921155118
2018-09-24,0.371201963489589
2018-09-25,0.38721084439984543
2018-09-26,0.42224251151128345
2018-09-27,0.38452126174812207
2018-09-28,0.361253364361821
2018-10-01,0.3510206365869515
2018-10-02,0.35381794394476773
2018-10-03,0.31896377503622414
2018-10-04,0.5192057676509155
2018-10-05,0.5640702074779902
2018-10-08,0.6299371748975252
2018-10-09,0.6485724566624717
2018-10-10,1.1853299915772904
2018-10-11,1.3280031014949287
2018-10-12,1.0420565199515452
2018-10-15,1.0361501074697619
2018-10-16,0.7544309290502431
2018-10-17,0.73571346557671
2018-10-18,0.9344151638755867
2018-10-19,0.9180162413620071
2018-10-22,0.8958161687066475
2018-10-23,0.9726745402933354
2018-10-24,1.3016162764700554
2018-10-25,1.2162901617890505
2018-10-26,1.202477874526862
2018-10-29,1.2323706766315778
2018-10-30,1.1266051704248616
2018-10-31,0.9684495620794844
2018-11-01,0.8287823039018076
2018-11-02,0.8384171817857196
2018-11-05,0.8681776225224507
2018-11-06,0.8617036421892693
2018-11-07,0.6022979079793406
2018-11-08,0.6267792777991581
2018-11-09,0.6717138540703347
2018-11-12,0.8941711858320437
2018-11-13,0.8599365352496275
2018-11-14,0.9456679136533402
2018-11-15,0.8507497062020907
2018-11-16,0.7154938746249064
2018-11-19,0.8548755779042061
2018-11-20,1.0224424326696369
2018-11-21,0.8978536528641572
2018-11-23,0.9461826159851261
2018-11-26,0.7548061732358109
2018-11-27,0.7612884431711304
2018-11-28,0.7208598184056993
2018-11-29,0.7405749132313058
2018-11-30,0.6864804827296387
2018-12-03,0.5665345841545489
2018-12-04,0.8768244750415783
2018-12-06,0.9062154513466731
2018-12-07,1.0490893553203517
2018-12-10,1.0019062591239374
2018-12-11,0.934822320724817
2018-12-12,0.9099918572420191
2018-12-13,0.8486474505541384
2018-12-14,0.9163353959247913
2018-12-17,1.1191176087307593
2018-12-18,1.1878157003672636
2018-12-19,1.1801801785553743
2018-12-20,1.3662037053172145
2018-12-21,1.46974410092152
2018-12-24,1.5
2018-12-26,1.4373388876804944
2018-12-27,1.3917071039664273
2018-12-28,1.273566418348506
2018-12-31,1.0762491511684047
2019-01-02,0.9286700980823936
2019-01-03,1.069206111721166
2019-01-04,0.8012594228956031
2019-01-07,0.8002436552380059
2019-01-08,0.7371064608039157
2019-01-09,0.7028102847871773
2019-01-10,0.6691526696984194
2019-01-11,0.5804159341725594
2019-01-14,0.637065510395361
2019-01-15,0.6038029893794101
2019-01-16,0.6316084068740594
2019-01-17,0.5642648986887225
2019-01-18,0.5453566555786908
2019-01-22,0.7455891535442651
2019-01-23,0.6572408853661849
2019-01-24,0.6127856655328405
2019-01-25,0.5113362690342328
2019-01-28,0.6084246254759061
2019-01-29,0.624368734771957
2019-01-30,0.5226534416866908
2019-01-31,0.4473988259455911
2019-02-01,0.41709903656249664
2019-02-04,0.3882057822030834
2019-02-05,0.37771272128119326
2019-02-06,0.3660562216585312
2019-02-07,0.43946293112893525
2019-02-08,0.39487228367782834
2019-02-11,0.41602798914340844
2019-02-12,0.37787984393140167
2019-02-13,0.39683160370156445
2019-02-14,0.44275429821453777
2019-02-15,0.3430830681106103
2019-02-19,0.3420607059896209
2019-02-20,0.3
2019-02-21,0.313104611469854
2019-02-22,0.3
2019-02-25,0.3464007982436158
2019-02-26,0.3715239342781045
2019-02-27,0.3356792079632027
2019-02-28,0.34302897068521865
2019-03-01,0.3
2019-03-04,0.33531874707531384
2019-03-05,0.3452420204114469
2019-03-06,0.4234618096278482
2019-03-07,0.4897510812361949
2019-03-08,0.44849078386673596
2019-03-11,0.3161890288590913
2019-03-12,0.3
2019-03-13,0.3
2019-03-14,0.3
2019-03-15,0.3
2019-03-18,0.3
2019-03-19,0.3
2019-03-20,0.3
2019-03-21,0.3
2019-03-22,0.49087390901679095
2019-03-25,0.4814021259735842
2019-03-26,0.3561970233979624
2019-03-27,0.39432052052421157
2019-03-28,0.34019893567270654
2019-03-29,0.3
2019-04-01,0.3
2019-04-02,0.3
2019-04-03,0.3
2019-04-04,0.3
2019-04-05,0.3
2019-04-08,0.3
2019-04-09,0.34521604391831406
2019-04-10,0.3
2019-04-11,0.3
2019-04-12,0.3
2019-04-15,0.3
2019-04-16,0.3
2019-04-17,0.3
2019-04-18,0.3
2019-04-22,0.3
2019-04-23,0.3
2019-04-24,0.3
2019-04-25,0.3
2019-04-26,0.3
2019-04-29,0.3
2019-04-30,0.3
2019-05-01,0.4079229647986924
2019-05-02,0.3785106837840869
2019-05-03,0.3
2019-05-06,0.459561796253431
2019-05-07,0.761474926365607
2019-05-08,0.7659903602926318
2019-05-09,0.7409979646271423
2019-05-10,0.5014746983795169
2019-05-13,0.8508157978871199
2019-05-14,0.6551463370282093
2019-05-15,0.5276857886487102
2019-05-16,0.43764423774042976
2019-05-17,0.4891907629130096
2019-05-20,0.515673789088489
2019-05-21,0.4087265271788978
2019-05-22,0.392461507331639
2019-05-23,0.5614032170175577
2019-05-24,0.4764360841763696
2019-05-28,0.6046034489385441
2019-05-29,0.6346836462383585
2019-05-30,0.5873794996660451
2019-05-31,0.697038984184852
2019-06-03,0.7076172718315661
2019-06-04,0.5580447610463101
2019-06-05,0.487774650979116
2019-06-06,0.47402853927903466
2019-06-07,0.501760212900877
2019-06-10,0.4720454604794098
2019-06-11,0.47476087119175897
2019-06-12,0.46723198770704377
2019-06-13,0.4589046765877809
2019-06-14,0.4150500925635427
2019-06-17,0.41945507560048134
2019-06-18,0.40227023435754095
2019-06-19,0.33574013630986344
2019-06-20,0.3688720487260402
2019-06-21,0.42008735368826944
2019-06-24,0.40862137444812735
2019-06-25,0.48978944446586886
2019-06-26,0.48451496781906744
2019-06-27,0.45317538121986717
2019-06-28,0.39454605597251197
2019-07-01,0.3134945486217063
2019-07-02,0.3
2019-07-03,0.3
2019-07-05,0.3
2019-07-08,0.30951755803681424
2019-07-09,0.31961598895503746
2019-07-10,0.3
2019-07-11,0.3
2019-07-12,0.3
2019-07-15,0.3
2019-07-16,0.3
2019-07-17,0.3093975177975957
2019-07-18,0.3
2019-07-19,0.34621410835428384
2019-07-22,0.3
2019-07-23,0.3
2019-07-24,0.3
2019-07-25,0.3
2019-07-26,0.3
2019-07-29,0.3
2019-07-30,0.30446185350559296
2019-07-31,0.4793013096604163
2019-08-01,0.6187453641383257
2019-08-02,0.5964607476496839
2019-08-05,1.1521311955470244
2019-08-06,0.7950352843580889
2019-08-07,0.7382958315970373
2019-08-08,0.5287557209814154
2019-08-09,0.6125391953823026
2019-08-12,0.8627801851270571
2019-08-13,0.5716436572076037
2019-08-14,0.94023842251766
2019-08-15,0.8627719204273335
2019-08-16,0.642166738813291
2019-08-19,0.512340600508808
2019-08-20,0.5611575069330031
2019-08-21,0.42184780931405397
2019-08-22,0.4922246404422512
2019-08-23,0.7502028921380501
2019-08-26,0.7033783318596327
2019-08-27,0.782031576083227
2019-08-28,0.7014716910038812
2019-08-29,0.5792813209081028
2019-08-30,0.6679037808066007
2019-09-03,0.7220582919595508
2019-09-04,0.5285319981069346
2019-09-05,0.43982505099063696
2019-09-06,0.33423748824358857
2019-09-09,0.356351848733324
2019-09-10,0.35042385871353104
2019-09-11,0.3013284034093947
2019-09-12,0.3
2019-09-13,0.3
2019-09-16,0.3043683431524843
2019-09-17,0.3
2019-09-18,0.3
2019-09-19,0.3
2019-09-20,0.35498969018397686
2019-09-23,0.3191047936121754
2019-09-24,0.496996666677124
2019-09-25,0.4035965431053382
2019-09-26,0.4114324369717238
2019-09-27,0.5074563729459092
2019-09-30,0.42270177333133957
2019-10-01,0.6185149751393831
2019-10-02,0.7870896502325944
2019-10-03,0.6618873197713562
2019-10-04,0.48132408208645866
2019-10-07,0.5508591128854016
2019-10-08,0.7578470312152502
2019-10-09,0.615295000691723
2019-10-10,0.5223805678472822
2019-10-11,0.35251170238078294
2019-10-14,0.3
2019-10-15,0.3
2019-10-16,0.3
2019-10-17,0.3
2019-10-18,0.3
2019-10-21,0.3
2019-10-22,0.3
2019-10-23,0.3
2019-10-24,0.3
2019-10-25,0.3
2019-10-28,0.3
2019-10-29,0.3
2019-10-30,0.3
2019-10-31,0.3
2019-11-01,0.3
2019-11-04,0.3
2019-11-05,0.3
2019-11-06,0.3
2019-11-07,0.3
2019-11-08,0.3
2019-11-11,0.3
2019-11-12,0.3
2019-11-13,0.3
2019-11-14,0.3
2019-11-15,0.3
2019-11-18,0.3
2019-11-19,0.3
2019-11-20,0.3
2019-11-21,0.3
2019-11-22,0.3
2019-11-25,0.3
2019-11-26,0.3
2019-11-27,0.3
2019-11-29,0.3
2019-12-02,0.38127282413507235
2019-12-03,0.4747754704178178
2019-12-04,0.3728473021914317
2019-12-05,0.34991730827695633
2019-12-06,0.3
2019-12-09,0.47362346039668
2019-12-10,0.4597499827148318
2019-12-11,0.3996258243220541
2019-12-12,0.30671992671310505
2019-12-13,0.3
2019-12-16,0.3
2019-12-17,0.3
2019-12-18,0.3
2019-12-19,0.3
2019-12-20,0.3
2019-12-23,0.3
2019-12-24,0.3
2019-12-26,0.3
2019-12-27,0.3
2019-12-30,0.42373265483416417
2019-12-31,0.3
2020-01-02,0.3
2020-01-03,0.3286654354814341
2020-01-06,0.3077272028702908
2020-01-07,0.3013522743806184
2020-01-08,0.3
2020-01-09,0.3
2020-01-10,0.3
2020-01-13,0.3
2020-01-14,0.3
2020-01-15,0.3
2020-01-16,0.3
2020-01-17,0.3
2020-01-21,0.3
2020-01-22,0.3
2020-01-23,0.3
2020-01-24,0.44584954423819156
2020-01-27,0.9729527480071303
2020-01-28,0.6951571812353152
2020-01-29,0.7138655084968717
2020-01-30,0.584572201007695
2020-01-31,1.068634165804841
2020-02-03,0.9401317512592755
2020-02-04,0.6623131083214704
2020-02-05,0.5324647295773173
2020-02-06,0.5052381508073573
2020-02-07,0.5795436759301058
2020-02-10,0.5177271027545557
2020-02-11,0.5384553928463645
2020-02-12,0.3310307090481882
2020-02-13,0.3912227925895669
2020-02-14,0.32465132727245044
2020-02-18,0.4911271872764019
2020-02-19,0.42629688161243867
2020-02-20,0.5961786906852282
2020-02-21,0.8141183135091993
2020-02-24,1.5
2020-02-25,1.5
2020-02-26,1.5
2020-02-27,1.5
2020-02-28,1.5
2020-03-02,1.5
2020-03-03,1.5
2020-03-04,1.5
2020-03-05,1.5
2020-03-06,1.5
2020-03-09,1.5
2020-03-10,1.5
2020-03-11,1.5
2020-03-12,1.5
2020-03-13,1.5
2020-03-16,1.5
2020-03-17,1.5
2020-03-18,1.5
2020-03-19,1.5
2020-03-20,1.5
2020-03-23,1.5
2020-03-24,1.5
2020-03-25,1.5
2020-03-26,1.5
2020-03-27,1.5
2020-03-30,1.4809383597842072
2020-03-31,1.3740106458340193
2020-04-01,1.4436261559952475
2020-04-02,1.2782877291694428
2020-04-03,1.1684815162221627
2020-04-06,1.123058877879116
2020-04-07,1.1505938596768197
2020-04-08,1.063876884752266
2020-04-09,1.0185507224288783
2020-04-13,1.0018909450512987
2020-04-14,0.917257557864881
2020-04-15,0.985927985820311
2020-04-16,0.9645312502574308
2020-04-17,0.914885030048513
2020-04-20,1.0430073729983178
2020-04-21,1.0738873525306982
2020-04-22,0.9894805666673676
2020-04-23,0.9713361702641968
2020-04-24,0.8426914969567132
2020-04-27,0.7796430614632099
2020-04-28,0.7839941081098483
2020-04-29,0.7283212139455212
2020-04-30,0.793511841937369
2020-05-01,0.8607340712164406
2020-05-04,0.830179633076163
2020-05-05,0.7740938972766376
2020-05-06,0.7840406690069339
2020-05-07,0.7214085733246467
2020-05-08,0.6414163027725164
2020-05-11,0.6309947494693866
2020-05-12,0.7546531111303703
2020-05-13,0.8037925615183223
2020-05-14,0.7412519424580171
2020-05-15,0.7232368921708334
2020-05-18,0.6630148398544707
2020-05-19,0.689680607488148
2020-05-20,0.6306962916983317
2020-05-21,0.664435786020889
2020-05-22,0.6322155544534894
2020-05-26,0.6277139024037786
2020-05-27,0.6179143809144004
2020-05-28,0.6390170068368323
2020-05-29,0.6135050475878775
2020-06-01,0.6290183670898901
2020-06-02,0.5966478735500171
2020-06-03,0.5690136707492476
2020-06-04,0.5715729205098844
2020-06-05,0.5414298064072729
2020-06-08,0.5699850652924107
2020-06-09,0.609072994392051
2020-06-10,0.6080493539436713
2020-06-11,0.9062275824769566
2020-06-12,0.7971603342578217
2020-06-15,0.7568767196987718
2020-06-16,0.7385387672217426
2020-06-17,0.7322623778576927
2020-06-18,0.7185356102862156
2020-06-19,0.7659936759619623
2020-06-22,0.6885666284264507
2020-06-23,0.6780587511106404
2020-06-24,0.7323608199961757
2020-06-25,0.6941793408791594
2020-06-26,0.7492058193688054
2020-06-29,0.6809278877646752
2020-06-30,0.6489570645305924
2020-07-01,0.6066356834415703
2020-07-02,0.584050127691245
2020-07-06,0.5887132597785338
2020-07-07,0.6212552266034734
2020-07-08,0.5893691262374989
2020-07-09,0.614859171619677
2020-07-10,0.5687699110371041
2020-07-13,0.6788346593555761
2020-07-14,0.6165073478723372
2020-07-15,0.5750429226761874
2020-07-16,0.5793315162246389
2020-07-17,0.5251543755072388
2020-07-20,0.496284550284265
2020-07-21,0.5039758301997759
2020-07-22,0.4909551075123932
2020-07-23,0.5301941816843283
2020-07-24,0.5235020002185132
2020-07-27,0.4969781001716851
2020-07-28,0.5120071281953801
2020-07-29,0.48005812869776077
2020-07-30,0.4945431606197361
2020-07-31,0.48697867612546936
2020-08-03,0.48218238315670986
2020-08-04,0.47019666595036447
2020-08-05,0.45206645196775835
2020-08-06,0.4438734283292093
2020-08-07,0.4331365309570093
2020-08-10,0.43086754788227616
2020-08-11,0.4747288146400679
2020-08-12,0.4336005916407456
2020-08-13,0.4301110671452978
2020-08-14,0.428167032901642
2020-08-17,0.4116037759320472
2020-08-18,0.41485130464511744
2020-08-19,0.43831749969225
2020-08-20,0.44182153537084773
2020-08-21,0.437046414789748
2020-08-24,0.4328389685985167
2020-08-25,0.42464301601221915
2020-08-26,0.45327689846201574
2020-08-27,0.4807864861692227
2020-08-28,0.4450568906319203
2020-08-31,0.5249155243875282
2020-09-01,0.5175499628155635
2020-09-02,0.5272224791118988
2020-09-03,0.6899730969200815
2020-09-04,0.621981135936219
2020-09-08,0.6371865296926194
2020-09-09,0.573945737214552
2020-09-10,0.5937330239966039
2020-09-11,0.5259579103382453
2020-09-14,0.5008682285317818
2020-09-15,0.4937242501794362
2020-09-16,0.5032440071481862
2020-09-17,0.5119962828748295
2020-09-18,0.49600616755210303
2020-09-21,0.5410063525881733
2020-09-22,0.5181206893285348
2020-09-23,0.5578603059853074
2020-09-24,0.5550725986141812
2020-09-25,0.5035144761996254
2020-09-28,0.49814924304931407
2020-09-29,0.49910486857660874
2020-09-30,0.5007491074787191
2020-10-01,0.5080365383838659
2020-10-02,0.5294204331341793
2020-10-05,0.5362906183668368
2020-10-06,0.5715287360506968
2020-10-07,0.5368783150994699
2020-10-08,0.49551196183165075
2020-10-09,0.4622506326454708
2020-10-12,0.4629794377735494
2020-10-13,0.4858291995466989
2020-10-14,0.4925112143557696
2020-10-15,0.5049567392621322
2020-10-16,0.5142778879886869
2020-10-19,0.555644764501296
2020-10-20,0.5583793781120248
2020-10-21,0.5401355377485294
2020-10-22,0.5257311393373532
2020-10-23,0.510815057109323
2020-10-26,0.6286408231200609
2020-10-27,0.6486398780067176
2020-10-28,0.8153885051878523
2020-10-29,0.7475429192914844
2020-10-30,0.7559147335059418
2020-11-02,0.732064956589897
2020-11-03,0.6914285296558371
2020-11-04,0.5429841326926492
2020-11-05,0.4924928680776946
2020-11-06,0.4239619108799723
2020-11-09,0.4444951216023209
2020-11-10,0.41952559563499986
2020-11-11,0.3845986145545435
2020-11-12,0.4305904769401596
2020-11-13,0.3730528531854689
2020-11-16,0.3553602104366551
2020-11-17,0.36052538720838856
2020-11-18,0.38760790435876813
2020-11-19,0.3678185931978595
2020-11-20,0.38140295457163165
2020-11-23,0.35359821203294317
2020-11-24,0.32620597626784686
2020-11-25,0.3147692431690267
2020-11-27,0.30284721401853787
2020-11-30,0.3
2020-12-01,0.3
2020-12-02,0.30842205111339027
2020-12-03,0.31028416801183817
2020-12-04,0.3
2020-12-07,0.308661794305743
2020-12-08,0.3
2020-12-09,0.33215597256748247
2020-12-10,0.33757848129651236
2020-12-11,0.35684040279206386
2020-12-14,0.3920476073881538
2020-12-15,0.34257674049173115
2020-12-16,0.3307863407122975
2020-12-17,0.31430210906742106
2020-12-18,0.303317852641643
2020-12-21,0.3966600435466018
2020-12-22,0.3703377719206896
2020-12-23,0.3442404998002464
2020-12-24,0.3
2020-12-28,0.3
2020-12-29,0.33417514131415627
2020-12-30,0.3244209986004225
2020-12-31,0.32222212343062573
2021-01-04,0.4348604410431863
2021-01-05,0.38903817651164774
2021-01-06,0.38010660111976324
2021-01-07,0.3048559848960989
2021-01-08,0.3
2021-01-11,0.34846903614908054
2021-01-12,0.3259724289035492
2021-01-13,0.3
2021-01-14,0.32025714440423597
2021-01-15,0.3487155037303624
2021-01-19,0.3160215495934312
2021-01-20,0.3
2021-01-21,0.3
2021-01-22,0.3
2021-01-25,0.3084476753748938
2021-01-26,0.3028225821054751
2021-01-27,0.7045615765305782
2021-01-28,0.5034674460600163
2021-01-29,0.584045335732786
2021-02-01,0.501040687577537
2021-02-02,0.3654890752650243
2021-02-03,0.3
2021-02-04,0.3
2021-02-05,0.3
2021-02-08,0.3
2021-02-09,0.3
2021-02-10,0.3
2021-02-11,0.3
2021-02-12,0.3
2021-02-16,0.3
2021-02-17,0.3
2021-02-18,0.3
2021-02-19,0.3
2021-02-22,0.3
2021-02-23,0.3
2021-02-24,0.3
2021-02-25,0.45067264157548836
2021-02-26,0.42401572088227235
2021-03-01,0.3
2021-03-02,0.3126812797992919
2021-03-03,0.3901931909773127
2021-03-04,0.4470770108762915
2021-03-05,0.3324683287589185
2021-03-08,0.35825607445369634
2021-03-09,0.3173204600884779
2021-03-10,0.3
2021-03-11,0.3
2021-03-12,0.3
2021-03-15,0.3
2021-03-16,0.3
2021-03-17,0.3
2021-03-18,0.3
2021-03-19,0.3
2021-03-22,0.3
2021-03-23,0.3
2021-03-24,0.3
2021-03-25,0.3
2021-03-26,0.3
2021-03-29,0.3
2021-03-30,0.3
2021-03-31,0.3
2021-04-01,0.3
2021-04-05,0.3
2021-04-06,0.3
2021-04-07,0.3
2021-04-08,0.3
2021-04-09,0.3
2021-04-12,0.3
2021-04-13,0.3
2021-04-14,0.3
2021-04-15,0.3
2021-04-16,0.3
2021-04-19,0.3
2021-04-20,0.3
2021-04-21,0.3
2021-04-22,0.3
2021-04-23,0.3
2021-04-26,0.3
2021-04-27,0.3
2021-04-28,0.3
2021-04-29,0.3
2021-04-30,0.3
2021-05-03,0.3
2021-05-04,0.3
2021-05-05,0.3
2021-05-06,0.3
2021-05-07,0.3
2021-05-10,0.3
2021-05-11,0.3
2021-05-12,0.6856083332972392
2021-05-13,0.37983844243328907
2021-05-14,0.3
2021-05-17,0.3
2021-05-18,0.3
2021-05-19,0.3239966254108327
2021-05-20,0.3
2021-05-21,0.3
2021-05-24,0.3
2021-05-25,0.3
2021-05-26,0.3
2021-05-27,0.3
2021-05-28,0.3
2021-06-01,0.3
2021-06-02,0.3
2021-06-03,0.3
2021-06-04,0.3
2021-06-07,0.3
2021-06-08,0.3
2021-06-09,0.3
2021-06-10,0.3
2021-06-11,0.3
2021-06-14,0.3
2021-06-15,0.3
2021-06-16,0.3
2021-06-17,0.3
2021-06-18,0.3
2021-06-21,0.3
2021-06-22,0.3
2021-06-23,0.3
2021-06-24,0.3
2021-06-25,0.3
2021-06-28,0.3
2021-06-29,0.3
2021-06-30,0.3
2021-07-01,0.3
2021-07-02,0.3
2021-07-06,0.3
2021-07-07,0.3
2021-07-08,0.3
2021-07-09,0.3
2021-07-12,0.3
2021-07-13,0.3
2021-07-14,0.3
2021-07-15,0.3
2021-07-16,0.3
2021-07-19,0.4898994446394854
2021-07-20,0.3
2021-07-21,0.3
2021-07-22,0.3
2021-07-23,0.3
2021-07-26,0.3
2021-07-27,0.3
2021-07-28,0.3
2021-07-29,0.3
2021-07-30,0.3
2021-08-02,0.3
2021-08-03,0.3
2021-08-04,0.3
2021-08-05,0.3
2021-08-06,0.3
2021-08-09,0.3
2021-08-10,0.3
2021-08-11,0.3
2021-08-12,0.3
2021-08-13,0.3
2021-08-16,0.3
2021-08-17,0.3
2021-08-18,0.46210685557404607
2021-08-19,0.46924991456815124
2021-08-20,0.3
2021-08-23,0.3
2021-08-24,0.3
2021-08-25,0.3
2021-08-26,0.3
2021-08-27,0.3
2021-08-30,0.3
2021-08-31,0.3
2021-09-01,0.3
2021-09-02,0.3
2021-09-03,0.3
2021-09-07,0.3
2021-09-08,0.3
2021-09-09,0.30272917788336573
2021-09-10,0.45483350730933064
2021-09-13,0.34578846715069866
2021-09-14,0.35371298512795896
2021-09-15,0.3
2021-09-16,0.30333347568914554
2021-09-17,0.4542373192387195
2021-09-20,0.8004197348423722
2021-09-21,0.7065947511920068
2021-09-22,0.4609304242451826
2021-09-23,0.3038463934274668
2021-09-24,0.3
2021-09-27,0.3173651175347012
2021-09-28,0.6403428165212635
2021-09-29,0.5920409244078452
2021-09-30,0.6349918231386241
2021-10-01,0.4894265287367494
2021-10-04,0.6257425520552193
2021-10-05,0.5072002000493806
2021-10-06,0.48770272700635
2021-10-07,0.38253329325202473
2021-10-08,0.32763232795183383
2021-10-11,0.4198375157321963
2021-10-12,0.41014744464709735
2021-10-13,0.32236833783160634
2021-10-14,0.3
2021-10-15,0.3
2021-10-18,0.3
2021-10-19,0.3
2021-10-20,0.3
2021-10-21,0.3
2021-10-22,0.3
2021-10-25,0.3
2021-10-26,0.3
2021-10-27,0.3
2021-10-28,0.3
2021-10-29,0.3
2021-11-01,0.3
2021-11-02,0.3
2021-11-03,0.3
2021-11-04,0.3
2021-11-05,0.3
2021-11-08,0.3
2021-11-09,0.3
2021-11-10,0.38647470148005597
2021-11-11,0.3
2021-11-12,0.3
2021-11-15,0.3
2021-11-16,0.3
2021-11-17,0.3
2021-11-18,0.3
2021-11-19,0.32292580742121035
2021-11-22,0.4474945892578479
2021-11-23,0.46926943380145003
2021-11-24,0.3920199887461273
2021-11-26,1.362008357628185
2021-11-29,0.8130806279595545
2021-11-30,1.2126589720204999
2021-12-01,1.5
2021-12-02,1.2553869469313268
2021-12-03,1.4870057840247128
2021-12-06,1.1611385754459769
2021-12-07,0.6820362397943766
2021-12-08,0.5022408906412974
2021-12-09,0.6545910483181682
2021-12-10,0.39422850662472464
2021-12-13,0.5421715959448598
2021-12-14,0.6871492009166982
2021-12-15,0.45169798023121877
2021-12-16,0.5691447403078191
2021-12-17,0.6605553067629986
2021-12-20,0.7784700211317498
2021-12-21,0.6108258611173577
2021-12-22,0.39467373389102306
2021-12-23,0.33488039741566594
2021-12-27,0.31057476493331215
2021-12-28,0.3
2021-12-29,0.3
2021-12-30,0.3
2021-12-31,0.3
2022-01-03,0.3
2022-01-04,0.3
2022-01-05,0.5158396860757518
2022-01-06,0.5056506067227462
2022-01-07,0.42707547055108475
2022-01-10,0.4887266070930998
2022-01-11,0.39730763362221566
2022-01-12,0.324515899738949
2022-01-13,0.5792750832845724
2022-01-14,0.4753412560398883
2022-01-18,0.8169477009176628
2022-01-19,0.915639642294378
2022-01-20,1.075538867880069
2022-01-21,1.368534277455837
2022-01-24,1.449847128698992
2022-01-25,1.5
2022-01-26,1.5
2022-01-27,1.5
2022-01-28,1.2625408710101327
2022-01-31,1.0064257309002294
2022-02-01,0.7363711746527176
2022-02-02,0.7492926108992375
2022-02-03,0.9628219181513279
2022-02-04,0.8536184480427453
2022-02-07,0.8183606639620176
2022-02-08,0.6836503459808773
2022-02-09,0.5439392920444229
2022-02-10,0.9172265830971726
2022-02-11,1.234252751888048
2022-02-14,1.3133631978600655
2022-02-15,1.0648250486449622
2022-02-16,0.9330977702255505
2022-02-17,1.2749941756755645
2022-02-18,1.2349898411440767
2022-02-22,1.3202528058509955
2022-02-23,1.4968563169492022
2022-02-24,1.431107814443854
2022-02-25,1.1925156219659185
2022-02-28,1.4028520879558153
2022-03-01,1.5
2022-03-02,1.4203671934566282
2022-03-03,1.393715079975913
2022-03-04,1.5
2022-03-07,1.5
2022-03-08,1.5
2022-03-09,1.460687507407286
2022-03-10,1.2793571559432304
2022-03-11,1.3062694294373198
2022-03-14,1.3673634908320937
2022-03-15,1.2141031124227124
2022-03-16,0.9781314795853964
2022-03-17,0.9027697349610652
2022-03-18,0.7704060611484472
2022-03-21,0.7440913957266221
2022-03-22,0.7002807589909874
2022-03-23,0.7451358903370614
2022-03-24,0.6066486581363929
2022-03-25,0.5436728657489941
2022-03-28,0.4583350010080359
2022-03-29,0.4055601216053527
2022-03-30,0.4367911724030731
2022-03-31,0.5251548269028253
2022-04-01,0.45708645599160574
2022-04-04,0.3799060759701555
2022-04-05,0.5576376045434205
2022-04-06,0.63408108593823
2022-04-07,0.5927383143067536
2022-04-08,0.5631532197655208
2022-04-11,0.7949879667088944
2022-04-12,0.7847496731000878
2022-04-13,0.6054892963630409
2022-04-14,0.6680335925419529
2022-04-18,0.6279765200182628
2022-04-19,0.56872269399789
2022-04-20,0.49111612868335375
2022-04-21,0.6626493956001877
2022-04-22,1.0614469420097565
2022-04-25,0.9705586445487664
2022-04-26,1.4240448074261427
2022-04-27,1.2749330125997131
2022-04-28,1.1529172547011697
2022-04-29,1.376592620789737
2022-05-02,1.2905575090579777
2022-05-03,1.0725042594240666
2022-05-04,0.8090053189065063
2022-05-05,1.193642650936043
2022-05-06,1.1183909688562441
2022-05-09,1.4072333172097164
2022-05-10,1.2791443594882423
2022-05-11,1.2446017244351175
2022-05-12,1.185329145013844
2022-05-13,0.9936801149240798
2022-05-16,0.9006433655501795
2022-05-17,0.8110962385591982
2022-05-18,1.1155667500042696
2022-05-19,1.0087097807510705
2022-05-20,1.0090977049917016
2022-05-23,0.9454509008470919
2022-05-24,1.0016353718323079
2022-05-25,0.93045257646597
2022-05-26,0.8731712432114846
2022-05-27,0.7601285137384253
2022-05-31,0.7872168873633991
2022-06-01,0.7540388690428812
2022-06-02,0.6919964417109377
2022-06-03,0.694527321958965
2022-06-06,0.7100957259415411
2022-06-07,0.6429474046020571
2022-06-08,0.6377850784886594
2022-06-09,0.7688597115224614
2022-06-10,0.86991301198311
2022-06-13,1.2521918893159232
2022-06-14,1.1615154755158668
2022-06-15,0.9677361415402354
2022-06-16,1.164550853785109
2022-06-17,1.0477992516899652
2022-06-21,0.9861475358350212
2022-06-22,0.9075856188789831
2022-06-23,0.9102834852389037
2022-06-24,0.797694352328573
2022-06-27,0.7784385865851262
2022-06-28,0.8611911556297679
2022-06-29,0.8463111752133725
2022-06-30,0.8767676682676389
2022-07-01,0.7524119964803156
2022-07-05,0.8012113868943327
2022-07-06,0.7496237632103491
2022-07-07,0.7079064419395131
2022-07-08,0.6183938806523628
2022-07-11,0.7102002554266456
2022-07-12,0.7767286273848968
2022-07-13,0.7457135655858133
2022-07-14,0.7178247191107395
2022-07-15,0.582299118813421
2022-07-18,0.646953825319875
2022-07-19,0.596908926494084
2022-07-20,0.5575404388073963
2022-07-21,0.5085730236038588
2022-07-22,0.5022973491138959
2022-07-25,0.5213473936410158
2022-07-26,0.6026782094680072
2022-07-27,0.511181423035724
2022-07-28,0.4532323696733557
2022-07-29,0.3895273488385255
2022-08-01,0.48305587501176
2022-08-02,0.5504615583659958
2022-08-03,0.42485799745417324
2022-08-04,0.3916829187668296
2022-08-05,0.37213726317741624
2022-08-08,0.37930261223512407
2022-08-09,0.4082180492912828
2022-08-10,0.3
2022-08-11,0.3055751394067518
2022-08-12,0.3
2022-08-15,0.3
2022-08-16,0.3
2022-08-17,0.3
2022-08-18,0.3
2022-08-19,0.32665740955660316
2022-08-22,0.5320681767989903
2022-08-23,0.5504806542789813
2022-08-24,0.46524086223722816
2022-08-25,0.3959610226262982
2022-08-26,0.6411086677188962
2022-08-29,0.6816185882798242
2022-08-30,0.6796397466880837
2022-08-31,0.6553474078605064
2022-09-01,0.6329393999585358
2022-09-02,0.625062336353908
2022-09-06,0.7188014070806851
2022-09-07,0.5657247635621208
2022-09-08,0.4953046812036804
2022-09-09,0.4391264580693238
2022-09-12,0.5109323507447145
2022-09-13,0.7375726761811726
2022-09-14,0.6612710710152967
2022-09-15,0.6668592324319216
2022-09-16,0.6671196156662821
2022-09-19,0.629348192171769
2022-09-20,0.7234981558326207
2022-09-21,0.7782371049397634
2022-09-22,0.7332502766304774
2022-09-23,0.9033715923662787
2022-09-26,1.055912816914808
2022-09-27,1.0729610767958504
2022-09-28,0.9077333212456699
2022-09-29,1.0138290004617376
2022-09-30,0.9948004652595235
2022-10-03,0.8909813038626763
2022-10-04,0.82074770050954
2022-10-05,0.7843162484018138
2022-10-06,0.9107798455163381
2022-10-07,0.9619727437714544
2022-10-10,1.0285488281613384
2022-10-11,1.0992365146330956
2022-10-12,1.0890191548280188
2022-10-13,0.9791738139597077
2022-10-14,0.9805977850686219
2022-10-17,0.9354207630320727
2022-10-18,0.876367612235472
2022-10-19,0.8907456782728342
2022-10-20,0.8376296141295082
2022-10-21,0.816597767424973
2022-10-24,0.8250449289669621
2022-10-25,0.7309341289265683
2022-10-26,0.6501300020433364
2022-10-27,0.6554965686492509
2022-10-28,0.5426442469241091
2022-10-31,0.5491954976789678
2022-11-01,0.5421360261037929
2022-11-02,0.5432004140666093
2022-11-03,0.5016330254915108
2022-11-04,0.4462480709740618
2022-11-07,0.4294663683102693
2022-11-08,0.5116344350095507
2022-11-09,0.5488000996610566
2022-11-10,0.36319401935550094
2022-11-11,0.3
2022-11-14,0.3724963281088226
2022-11-15,0.4287071269872553
2022-11-16,0.3939950267850693
2022-11-17,0.3778223367706697
2022-11-18,0.314680514702108
2022-11-21,0.3
2022-11-22,0.3
2022-11-23,0.3
2022-11-25,0.3
2022-11-28,0.3
2022-11-29,0.3
2022-11-30,0.3
2022-12-01,0.3
2022-12-02,0.3
2022-12-05,0.3
2022-12-06,0.3
2022-12-07,0.3
2022-12-08,0.3
2022-12-09,0.30206913441280137
2022-12-12,0.46397824531764575
2022-12-13,0.3
2022-12-14,0.3
2022-12-15,0.3
2022-12-16,0.3
2022-12-19,0.3
2022-12-20,0.3
2022-12-21,0.3
2022-12-22,0.3
2022-12-23,0.3
2022-12-27,0.3
2022-12-28,0.3
2022-12-29,0.3
2022-12-30,0.3
2023-01-03,0.3
2023-01-04,0.3
2023-01-05,0.3
2023-01-06,0.3
2023-01-09,0.3
2023-01-10,0.3
2023-01-11,0.3
2023-01-12,0.3
2023-01-13,0.3
2023-01-17,0.3
2023-01-18,0.3
2023-01-19,0.3
2023-01-20,0.3
2023-01-23,0.3
2023-01-24,0.3
2023-01-25,0.3
2023-01-26,0.3
2023-01-27,0.3
2023-01-30,0.3
2023-01-31,0.3
2023-02-01,0.3
2023-02-02,0.3
2023-02-03,0.3
2023-02-06,0.3
2023-02-07,0.3
2023-02-08,0.3
2023-02-09,0.3
2023-02-10,0.3
2023-02-13,0.3
2023-02-14,0.3
2023-02-15,0.3
2023-02-16,0.3
2023-02-17,0.3
2023-02-21,0.3273879049118757
2023-02-22,0.3
2023-02-23,0.3
2023-02-24,0.3
2023-02-27,0.3
2023-02-28,0.3
2023-03-01,0.3
2023-03-02,0.3
2023-03-03,0.3
2023-03-06,0.3
2023-03-07,0.3
2023-03-08,0.3
2023-03-09,0.34145178773790824
2023-03-10,0.5166242230703249
2023-03-13,0.6548339955678044
2023-03-14,0.43457126356117465
2023-03-15,0.6298642875165446
2023-03-16,0.37827898663487936
2023-03-17,0.5820205804824067
2023-03-20,0.4727197787702701
2023-03-21,0.3
2023-03-22,0.32161118880829953
2023-03-23,0.3499499904093366
2023-03-24,0.3
2023-03-27,0.3
2023-03-28,0.3
2023-03-29,0.3
2023-03-30,0.3
2023-03-31,0.3
2023-04-03,0.3
2023-04-04,0.3
2023-04-05,0.3
2023-04-06,0.3
2023-04-10,0.3
2023-04-11,0.3
2023-04-12,0.3
2023-04-13,0.3
2023-04-14,0.3
2023-04-17,0.3
2023-04-18,0.3
2023-04-19,0.3
2023-04-20,0.3
2023-04-21,0.3
2023-04-24,0.3
2023-04-25,0.3
2023-04-26,0.3
2023-04-27,0.3
2023-04-28,0.3
2023-05-01,0.3
2023-05-02,0.3
2023-05-03,0.3
2023-05-04,0.3
2023-05-05,0.3
2023-05-08,0.3
2023-05-09,0.3
2023-05-10,0.3
2023-05-11,0.3
2023-05-12,0.3
2023-05-15,0.3
2023-05-16,0.3
2023-05-17,0.3
2023-05-18,0.3
2023-05-19,0.3
2023-05-22,0.3
2023-05-23,0.3
2023-05-24,0.3
2023-05-25,0.3
2023-05-26,0.3
2023-05-30,0.3
2023-05-31,0.3
2023-06-01,0.3
2023-06-02,0.3
2023-06-05,0.3
2023-06-06,0.3
2023-06-07,0.3
2023-06-08,0.3
2023-06-09,0.3
2023-06-12,0.3
2023-06-13,0.3
2023-06-14,0.3
2023-06-15,0.3
2023-06-16,0.3
2023-06-20,0.3
2023-06-21,0.3
2023-06-22,0.3
2023-06-23,0.3
2023-06-26,0.3
2023-06-27,0.3
2023-06-28,0.3
2023-06-29,0.3
2023-06-30,0.3
2023-07-03,0.3
2023-07-05,0.3
2023-07-06,0.3
2023-07-07,0.3
2023-07-10,0.3
2023-07-11,0.3
2023-07-12,0.3
2023-07-13,0.3
2023-07-14,0.3
2023-07-17,0.3
2023-07-18,0.3
2023-07-19,0.3
2023-07-20,0.3
2023-07-21,0.3
2023-07-24,0.3
2023-07-25,0.3
2023-07-26,0.3
2023-07-27,0.3
2023-07-28,0.3
2023-07-31,0.3
2023-08-01,0.3
2023-08-02,0.3
2023-08-03,0.3
2023-08-04,0.3
2023-08-07,0.3
2023-08-08,0.3
2023-08-09,0.3
2023-08-10,0.3
2023-08-11,0.3
2023-08-14,0.3
2023-08-15,0.3
2023-08-16,0.3
2023-08-17,0.3168234073767492
2023-08-18,0.3
2023-08-21,0.3
2023-08-22,0.3
2023-08-23,0.3
2023-08-24,0.3
2023-08-25,0.3
2023-08-28,0.3
2023-08-29,0.3
2023-08-30,0.3
2023-08-31,0.3
2023-09-01,0.3
2023-09-05,0.3
2023-09-06,0.3
2023-09-07,0.3
2023-09-08,0.3
2023-09-11,0.3
2023-09-12,0.3
2023-09-13,0.3
2023-09-14,0.3
2023-09-15,0.3
2023-09-18,0.3
2023-09-19,0.3
2023-09-20,0.3
2023-09-21,0.35677791583654195
2023-09-22,0.3364582268436424
2023-09-25,0.3186556442561851
2023-09-26,0.4564182624446542
2023-09-27,0.4108629961391923
2023-09-28,0.3533424162722316
2023-09-29,0.36790326590440825
2023-10-02,0.376432376928743
2023-10-03,0.5326164089465064
2023-10-04,0.4498923010100128
2023-10-05,0.4459539049136448
2023-10-06,0.372612547956181
2023-10-09,0.3933299017171139
2023-10-10,0.3456590882910878
2023-10-11,0.3
2023-10-12,0.32307530128684214
2023-10-13,0.5341774597988898
2023-10-16,0.36706965510421685
2023-10-17,0.4248745641748268
2023-10-18,0.541692296590259
2023-10-19,0.7346997637485752
2023-10-20,0.7697383501026243
2023-10-23,0.6574378997869452
2023-10-24,0.5359028749071796
2023-10-25,0.6541652361454774
2023-10-26,0.7058846554159445
2023-10-27,0.7671090325410173
2023-10-30,0.6258496725425005
2023-10-31,0.4720786545808789
2023-11-01,0.3496495278976335
2023-11-02,0.3
2023-11-03,0.3
2023-11-06,0.3
2023-11-07,0.3
2023-11-08,0.3
2023-11-09,0.3
2023-11-10,0.3
2023-11-13,0.3
2023-11-14,0.3
2023-11-15,0.3
2023-11-16,0.3
2023-11-17,0.3
2023-11-20,0.3
2023-11-21,0.3
2023-11-22,0.3
2023-11-24,0.3
2023-11-27,0.3
2023-11-28,0.3
2023-11-29,0.3
2023-11-30,0.3
2023-12-01,0.3
2023-12-04,0.3
2023-12-05,0.3
2023-12-06,0.3
2023-12-07,0.3
2023-12-08,0.3
2023-12-11,0.3
2023-12-12,0.3
2023-12-13,0.3
2023-12-14,0.3
2023-12-15,0.3
2023-12-18,0.3
2023-12-19,0.3
2023-12-20,0.3
2023-12-21,0.3
2023-12-22,0.3
2023-12-26,0.3
2023-12-27,0.3
2023-12-28,0.3
2023-12-29,0.3
2024-01-02,0.3
2024-01-03,0.3
2024-01-04,0.3
2024-01-05,0.3
2024-01-08,0.3
2024-01-09,0.3
2024-01-10,0.3
2024-01-11,0.3
2024-01-12,0.3
2024-01-16,0.3
2024-01-17,0.3081298693265487
2024-01-18,0.3
2024-01-19,0.3
2024-01-22,0.3
2024-01-23,0.3
2024-01-24,0.3
2024-01-25,0.3
2024-01-26,0.3
2024-01-29,0.3
2024-01-30,0.3
2024-01-31,0.3
2024-02-01,0.3
2024-02-02,0.3
2024-02-05,0.3
2024-02-06,0.3
2024-02-07,0.3
2024-02-08,0.3
2024-02-09,0.3
2024-02-12,0.3
2024-02-13,0.4700868075104049
2024-02-14,0.31251018789767726
2024-02-15,0.3
2024-02-16,0.30090091721982404
2024-02-20,0.43132863174052666
2024-02-21,0.424359824109845
2024-02-22,0.3386221703598068
2024-02-23,0.3
2024-02-26,0.3
2024-02-27,0.3
2024-02-28,0.3
2024-02-29,0.3
2024-03-01,0.3
2024-03-04,0.3
2024-03-05,0.3493187436942585
2024-03-06,0.35555827188725997
2024-03-07,0.3505486694511202
2024-03-08,0.3868480063491471
2024-03-11,0.4450802570427896
2024-03-12,0.3
2024-03-13,0.3
2024-03-14,0.3549906088427351
2024-03-15,0.3575479517227973
2024-03-18,0.34915145083469734
2024-03-19,0.3
2024-03-20,0.3
2024-03-21,0.3
2024-03-22,0.3
2024-03-25,0.3
2024-03-26,0.3
2024-03-27,0.3
2024-03-28,0.3
2024-04-01,0.3
2024-04-02,0.41852333178899526
2024-04-03,0.37815490150401354
2024-04-04,0.6876197132669194
2024-04-05,0.6413710558573928
2024-04-08,0.5147202972430982
2024-04-09,0.48424726002022345
2024-04-10,0.6144343116795449
2024-04-11,0.4776018456926515
2024-04-12,0.8587976535334318
2024-04-15,1.159116568017843
2024-04-16,1.0257150576552685
2024-04-17,0.9936708026178442
2024-04-18,0.9589099365939076
2024-04-19,1.0657508537326346
2024-04-22,0.7905585668184674
2024-04-23,0.5967273561467882
2024-04-24,0.6410892218387191
2024-04-25,0.549871276444421
2024-04-26,0.4988716354608227
2024-04-29,0.44338568334043343
2024-04-30,0.5985491875895569
2024-05-01,0.5578626448763917
2024-05-02,0.44722380307427734
2024-05-03,0.3
2024-05-06,0.3
2024-05-07,0.3
2024-05-08,0.3
2024-05-09,0.3
2024-05-10,0.3
2024-05-13,0.3
2024-05-14,0.3
2024-05-15,0.3
2024-05-16,0.3
2024-05-17,0.3
2024-05-20,0.3
2024-05-21,0.3
2024-05-22,0.3
2024-05-23,0.3
2024-05-24,0.3
2024-05-28,0.3
2024-05-29,0.4367929717047869
2024-05-30,0.47012205214053704
2024-05-31,0.3
2024-06-03,0.3
2024-06-04,0.3
2024-06-05,0.3
2024-06-06,0.3
2024-06-07,0.3
2024-06-10,0.3
2024-06-11,0.3
2024-06-12,0.3
2024-06-13,0.3
2024-06-14,0.3
2024-06-17,0.3
2024-06-18,0.3
2024-06-20,0.3
2024-06-21,0.3
2024-06-24,0.30135050687360476
2024-06-25,0.3
2024-06-26,0.3
2024-06-27,0.3
2024-06-28,0.3
2024-07-01,0.3
2024-07-02,0.3
2024-07-03,0.3
2024-07-05,0.3
2024-07-08,0.3
2024-07-09,0.3
2024-07-10,0.3
2024-07-11,0.3
2024-07-12,0.3
2024-07-15,0.3
2024-07-16,0.3
2024-07-17,0.5028338593018511
2024-07-18,0.7327434134559401
2024-07-19,0.8246802644646072
2024-07-22,0.5673979882864205
2024-07-23,0.536406715304648
2024-07-24,1.0602304380218879
2024-07-25,1.1197450151331019
2024-07-26,0.7913999902377328
2024-07-29,0.8224904978412173
2024-07-30,0.9892587900973642
2024-07-31,0.7790447723643594
2024-08-01,1.1207062049063514
2024-08-02,1.5
2024-08-05,1.5
2024-08-06,1.5
2024-08-07,1.5
2024-08-08,1.5
2024-08-09,1.115552791430038
2024-08-12,1.1465526529853007
2024-08-13,0.8574940548321943
2024-08-14,0.6436221787799425
2024-08-15,0.53816342491857
2024-08-16,0.49151353349886723
2024-08-19,0.47630120087318356
2024-08-20,0.6133313941171472
2024-08-21,0.6570783985545563
2024-08-22,0.7987149893067789
2024-08-23,0.6113046642486808
2024-08-26,0.6440595760167922
2024-08-27,0.5642341928527428
2024-08-28,0.7496048210124037
2024-08-29,0.5871335416486083
2024-08-30,0.5145568717135458
2024-09-03,1.141347371304207
2024-09-04,1.1981321863127152
2024-09-05,1.0377206411863014
2024-09-06,1.2947277655304343
2024-09-09,0.975790886919994
2024-09-10,0.9326200135227309
2024-09-11,0.7823402318868098
2024-09-12,0.7149093318056203
2024-09-13,0.6592972280827298
2024-09-16,0.7192835052729579
2024-09-17,0.7674832664544342
2024-09-18,0.8311076876268118
2024-09-19,0.6282979514093548
2024-09-20,0.6087269870486425
2024-09-23,0.5818947322063402
2024-09-24,0.5295220176721618
2024-09-25,0.5322999243932587
2024-09-26,0.5296376607137815
2024-09-27,0.7002455898543276
2024-09-30,0.6759940456463029
2024-10-01,0.9448984590708106
2024-10-02,0.9052507752280433
2024-10-03,1.0735523518570749
2024-10-04,0.9366593545267694
2024-10-07,1.2923034235699047
2024-10-08,1.1576635204992165
2024-10-09,1.0947105159153154
2024-10-10,1.0969361555130273
2024-10-11,1.0436697016971117
2024-10-14,0.9625944020984345
2024-10-15,1.057187590514215
2024-10-16,0.9464436550990291
2024-10-17,0.8973676121928055
2024-10-18,0.788204005386457
2024-10-21,0.8258722111362207
2024-10-22,0.811831764821897
2024-10-23,0.9205505584223603
2024-10-24,0.9038813745477761
2024-10-25,1.0330195377477427
2024-10-28,0.9793754335338822
2024-10-29,0.9341627852488759
2024-10-30,1.0383635364686508
2024-10-31,1.31958930494265
2024-11-01,1.180566396099132
2024-11-04,1.182441449016529
2024-11-05,1.0268409988345757
2024-11-06,0.6015352109536946
2024-11-07,0.49370222704077416
2024-11-08,0.4673377739810297
2024-11-11,0.4704855025039411
2024-11-12,0.4440930880985712
2024-11-13,0.3749618604626191
2024-11-14,0.4040814786193664
2024-11-15,0.5874823221717137
2024-11-18,0.5306191665236188
2024-11-19,0.6071336515899947
2024-11-20,0.6871922823303512
2024-11-21,0.656626644462422
2024-11-22,0.49150200944834305
2024-11-25,0.4260150419823832
2024-11-26,0.3748423173393856
2024-11-27,0.37415028018916013
2024-11-29,0.31417246017005973
2024-12-02,0.3
2024-12-03,0.3
2024-12-04,0.30727973522399993
2024-12-05,0.3160212934804
2024-12-06,0.3
2024-12-09,0.3814854233942015
2024-12-10,0.37956375733387
2024-12-11,0.31808419839659297
2024-12-12,0.3516626551194391
2024-12-13,0.33957622522999087
2024-12-16,0.4283173912381591
2024-12-17,0.5474621319387518
2024-12-18,1.5
2024-12-19,1.3456770803474791
2024-12-20,0.7787321402816569
2024-12-23,0.6219145169345498
2024-12-24,0.3739939782623458
2024-12-26,0.4185943652029052
2024-12-27,0.5377186556796979
2024-12-30,0.6793711034163048
2024-12-31,0.6727039708142487
2025-01-02,0.7283513220143726
2025-01-03,0.5491223402174145
2025-01-06,0.5394607017338221
2025-01-07,0.7143039745082312
2025-01-08,0.7006709710853098
2025-01-10,0.8802184278754579
2025-01-13,0.8427844319660449
2025-01-14,0.7928599980026174
2025-01-15,0.5348095232721429
2025-01-16,0.5814290385265234
2025-01-17,0.5183753040739618
2025-01-21,0.42755487154383476
2025-01-22,0.4307507491701705
2025-01-23,0.42198150064891826
2025-01-24,0.4039713688312063
2025-01-27,0.7065536989140163
2025-01-28,0.556671055308164
2025-01-29,0.5704312182068593
2025-01-30,0.4975044430937554
2025-01-31,0.5554099557723841
2025-02-03,0.7730146994285292
2025-02-04,0.6305194117212549
2025-02-05,0.48545145436612236
2025-02-06,0.4576101995750922
2025-02-07,0.5606938049944156
2025-02-10,0.48610751875916614
2025-02-11,0.5059722794169677
2025-02-12,0.49166010024804824
2025-02-13,0.41131271992732443
2025-02-14,0.37841347185132124
2025-02-18,0.4366247162630142
2025-02-19,0.42798512463526583
2025-02-20,0.4668574909789031
2025-02-21,0.7236980204549958
2025-02-24,0.79966097800925
2025-02-25,0.8425596905460349
2025-02-26,0.8069197058912755
2025-02-27,1.0066207340066486
2025-02-28,0.8532406115517137
2025-03-03,1.160927050465058
2025-03-04,1.2236878840686558
2025-03-05,1.0618903805821671
2025-03-06,1.3370003182671635
2025-03-07,1.1822798507300347
2025-03-10,1.5
2025-03-11,1.4769737604331632
2025-03-12,1.217210119282199
2025-03-13,1.245930710907194
2025-03-14,0.9781651746713106
2025-03-17,0.8607968760325178
2025-03-18,0.9646658306621516
2025-03-19,0.7995807891779072
2025-03-20,0.7883645426384238
2025-03-21,0.739472121891171
2025-03-24,0.5754382360327137
2025-03-25,0.5441489682297728
2025-03-26,0.6494654419038675
2025-03-27,0.6803945029967036
2025-03-28,0.9456673311565602
2025-03-31,0.998341784403473
2025-04-01,0.9483228844587166
2025-04-02,0.9212641698893582
2025-04-03,1.5
2025-04-04,1.5
2025-04-07,1.5
2025-04-08,1.5
2025-04-09,1.5
2025-04-10,1.5
2025-04-11,1.5
2025-04-14,1.2896719936512981
2025-04-15,1.2336273275876837
2025-04-16,1.3671204387659246
2025-04-17,1.1848965455089848
2025-04-21,1.407889429123637
2025-04-22,1.2139086999615278
2025-04-23,1.0888012156085964
2025-04-24,0.9741027130231233
2025-04-25,0.8804443821588559
2025-04-28,0.8946191465601281
2025-04-29,0.8378257616397864
2025-04-30,0.8643292307607457
2025-05-01,0.8560484581824659
2025-05-02,0.7484967934067089
2025-05-05,0.7992067043048963
2025-05-06,0.85802797890559
2025-05-07,0.7893040410322179
2025-05-08,0.7286701807105276
2025-05-09,0.6950685812316354
2025-05-12,0.5009916268708353
2025-05-13,0.49040937513773375
2025-05-14,0.5111584880161164
2025-05-15,0.4665462204707559
2025-05-16,0.43298521774921844
2025-05-19,0.48154534016889605
2025-05-20,0.477476340194358
2025-05-21,0.6303762081787959
2025-05-22,0.5959045484691192
2025-05-23,0.7061965443956757
2025-05-27,0.5184791651847052
2025-05-28,0.5367174612015547
2025-05-29,0.5278702590147425
2025-05-30,0.49223941757023637
2025-06-02,0.47945392142892407
2025-06-03,0.4408278910725647
2025-06-04,0.43513066845637316
2025-06-05,0.48317680460207774
2025-06-06,0.38513345774895114
2025-06-09,0.4060878704533375
2025-06-10,0.39291766452486276
2025-06-11,0.40925113561382503
2025-06-12,0.45143183242002116
2025-06-13,0.6103823859516982
2025-06-16,0.5105598685921424
2025-06-17,0.6521854167739803
2025-06-18,0.5663001073695143
2025-06-20,0.5924830832436068
2025-06-23,0.5450373643043236
2025-06-24,0.4071813626377398
2025-06-25,0.36415121060125377
2025-06-26,0.35322782757017324
2025-06-27,0.33631261672163515
2025-06-30,0.35904048524612964
2025-07-01,0.36348680554584506
2025-07-02,0.35095677077113663
2025-07-03,0.3342138381123207
2025-07-07,0.41604568341801645
2025-07-08,0.3563472464209573
2025-07-09,0.3033002501694929
2025-07-10,0.3
2025-07-11,0.32822029136228537
2025-07-14,0.3748429423633325
2025-07-15,0.3843182442229145
2025-07-16,0.36958452037750894
2025-07-17,0.329773069509183
2025-07-18,0.32200051533678165
2025-07-21,0.3358532867549179
2025-07-22,0.32656964450550663
2025-07-23,0.3
2025-07-24,0.3
2025-07-25,0.3
2025-07-28,0.3
2025-07-29,0.3
2025-07-30,0.3
2025-07-31,0.34191527009206246
2025-08-01,0.5629876231324088
2025-08-04,0.3893992483997316
2025-08-05,0.4095870263947865
2025-08-06,0.3456307528053091
2025-08-07,0.3347707956718689
2025-08-08,0.3
2025-08-11,0.31929356105363327
2025-08-12,0.3
2025-08-13,0.3
2025-08-14,0.3
2025-08-15,0.3
2025-08-18,0.3
2025-08-19,0.3
2025-08-20,0.3
2025-08-21,0.3470257913695035
2025-08-22,0.3
2025-08-25,0.3
2025-08-26,0.3
2025-08-27,0.3
2025-08-28,0.3
2025-08-29,0.3
2025-09-02,0.3853565629652954
2025-09-03,0.33406584623783997
2025-09-04,0.3
2025-09-05,0.3
2025-09-08,0.3
2025-09-09,0.3
2025-09-10,0.3
2025-09-11,0.3
2025-09-12,0.3
2025-09-15,0.302515465444408
2025-09-16,0.3442391586795437
2025-09-17,0.3048584244708954
2025-09-18,0.30406862469574936
2025-09-19,0.3
2025-09-22,0.3300844985298379
2025-09-23,0.3633820471275577
2025-09-24,0.3349289512344934
2025-09-25,0.36930953605765493
2025-09-26,0.3
2025-09-29,0.3307678290799202
2025-09-30,0.34038303280031507
2025-10-01,0.34119915454820193
2025-10-02,0.3622669325876313
2025-10-03,0.3641889886416274
2025-10-06,0.3475535437833395
2025-10-07,0.4021436084148498
2025-10-08,0.34479987193370665
2025-10-09,0.3542666915835584
2025-10-10,0.6776464561619836
2025-10-13,0.5154597447879874
2025-10-14,0.6256015169891656
2025-10-15,0.6150359960586407
2025-10-16,0.9013896079443436
2025-10-17,0.6219322619444202
2025-10-20,0.4649789935513376
2025-10-21,0.4430804424228308
2025-10-22,0.48796509822109413
2025-10-23,0.40805592482381864
2025-10-24,0.35120537238530447
2025-10-27,0.31640225947952294
2025-10-28,0.35592085000974766
2025-10-29,0.3875554098310997
2025-10-30,0.3876628199488492
2025-10-31,0.42076939436675853
2025-11-03,0.40492063934914513
2025-11-04,0.5186382473007786
2025-11-05,0.45851967982951275
2025-11-06,0.5510885759175953
2025-11-07,0.5255093400719105
2025-11-10,0.43376998756353
2025-11-11,0.41343331603915434
2025-11-12,0.4269568143783413
2025-11-13,0.5798395608305742
2025-11-14,0.5681247559052341
2025-11-17,0.7242666345296492
2025-11-18,0.8646099512881
2025-11-19,0.7986099103435009
2025-11-20,0.9652806060981889
2025-11-21,0.7788164613822659
2025-11-24,0.5986440579191868
2025-11-25,0.4774183818144352
2025-11-26,0.3923992899481904
2025-11-28,0.34001264763316474
2025-12-01,0.3940501897819328
2025-12-02,0.3530647584766117
2025-12-03,0.3205935781484117
2025-12-04,0.30109637804425743
2025-12-05,0.3
2025-12-08,0.35397618755381466
2025-12-09,0.3697241656500915
2025-12-10,0.3
2025-12-11,0.3
2025-12-12,0.3
2025-12-15,0.34008647753687216
2025-12-16,0.33796954560439874
2025-12-17,0.40844399330104375
2025-12-18,0.3605738091431977
2025-12-19,0.3
2025-12-22,0.3
2025-12-23,0.3
2025-12-24,0.3
2025-12-26,0.3
2025-12-29,0.3
2025-12-30,0.3
2025-12-31,0.3
2026-01-02,0.3
2026-01-05,0.3
2026-01-06,0.3
2026-01-07,0.3
2026-01-08,0.3
2026-01-09,0.3
2026-01-12,0.3
2026-01-13,0.3193911836970945
2026-01-14,0.36812660082071813
2026-01-15,0.31214022143498166
2026-01-16,0.31347185661597327
2026-01-20,0.5765356944771363
2026-01-21,0.3771935631650739
2026-01-22,0.3
2026-01-23,0.32611194899842255
2026-01-26,0.32949131036321355
2026-01-27,0.3415107560190222
2026-01-28,0.3419557933299848
2026-01-29,0.3749578902520033
2026-01-30,0.40973668228331045
2026-02-02,0.3407799662123734
2026-02-03,0.444217536086176
2026-02-04,0.4842650318883571
2026-02-05,0.6789470782577578
2026-02-06,0.5902727500169422
2026-02-09,0.4013419620493266
2026-02-10,0.42794134042946674
2026-02-11,0.4186656890386796
2026-02-12,0.6162386551055773
2026-02-13,0.6013191336927631
2026-02-17,0.5806536839134944
2026-02-18,0.537414173993035
2026-02-19,0.5746180230392245
2026-02-20,0.5019199795416258
2026-02-23,0.6216088882441164
2026-02-24,0.5292445461461811
2026-02-25,0.42739439574561144
2026-02-26,0.4717162301821583
2026-02-27,0.5490516968259903
2026-03-02,0.6485436875458755
2026-03-03,0.7813986136755154
2026-03-04,0.6295935402618547
2026-03-05,0.7932232028269093
2026-03-06,1.1481721269345055
2026-03-09,0.8983351035170756
2026-03-10,0.8619323600466975
2026-03-11,0.82026255013454
2026-03-12,1.0116412333950908
2026-03-13,1.0032669472770648
2026-03-16,0.7739739267044354
2026-03-17,0.7025313627366775
2026-03-18,0.8704700090340846
2026-03-19,0.805309285231036
2026-03-20,0.9710729101377253
2026-03-23,0.9290269265990119
2026-03-24,0.9746539090098352
2026-03-25,0.8721654390762655
2026-03-26,0.9971665536705892
2026-03-27,1.2084210463284135
2026-03-30,1.1733438750730152
2026-03-31,0.8496234877925372
2026-04-01,0.8061300212939566
2026-04-02,0.7652346334007062
2026-04-06,0.7822378368850649
2026-04-07,0.8812897820310307
2026-04-08,0.6070233347523912
2026-04-09,0.5174090349777651
2026-04-10,0.5097341144145016
2026-04-13,0.5060122045106743
2026-04-14,0.45350722431210205
2026-04-15,0.4423469191337883
2026-04-16,0.42643348816469906
2026-04-17,0.39053501526867596
2026-04-20,0.5132216031244852
2026-04-21,0.5726372728012015
2026-04-22,0.5275361316064908
2026-04-23,0.5687074036750377
2026-04-24,0.5165785688401962
2026-04-27,0.4538897376203305
2026-04-28,0.4379514784562545
2026-04-29,0.5350995246534263
2026-04-30,0.35067468993210327
2026-05-01,0.362536532979152
2026-05-04,0.492675487964454
2026-05-05,0.40444253636765426
2026-05-06,0.40744865350977183
2026-05-07,0.3787054877189793
2026-05-08,0.39176485744055095
2026-05-11,0.5135439661040707
2026-05-12,0.4755679061761224
2026-05-13,0.46359836814445643
2026-05-14,0.40208914188367484
2026-05-15,0.5208962271146365
2026-05-18,0.4589969165293681
2026-05-19,0.48301909318645914
2026-05-20,0.4203810925097065
2026-05-21,0.351963469845857
2026-05-22,0.3474205616008395
2026-05-25,0.3376851559728567
2026-05-26,0.3821333375177089
2026-05-27,0.30997219886789307
2026-05-28,0.3
2026-05-29,0.3
2026-06-01,0.3
2026-06-02,0.3
2026-06-03,0.3
2026-06-04,0.3
2026-06-05,0.8440504115196942
2026-06-08,0.5816177714175871
2026-06-09,0.6764309668032983
2026-06-10,0.9104759582291686
2026-06-11,0.6296411659470834
2026-06-12,0.4525769895894702
2026-06-15,0.30529740669634636
2026-06-16,0.3275945862226448
2026-06-17,0.5333617350129028
2026-06-18,0.3289309948747927
2026-06-22,0.41901920141112686
2026-06-23,0.6425164602624764
2026-06-24,0.5551308246926717
2026-06-25,0.5805730337430159
2026-06-26,0.53132860287492
